pota,jaff,name,location,locid,type,level,namek,lat,lng
JA-0003,JAFF-0001,Akan-Mashu,Hokkaido,JP-HK,National Park,104,阿寒摩周国立公園,43.436221,144.102501
JA-0025,JAFF-0002,Ashizuri-Uwakai,"Ehime,Kochi","JP-EH,JP-KC",National Park,16,足摺宇和海国立公園,32.779142,132.979137
JA-0028,JAFF-0003,Aso-Kuju,"Kumamoto,Oita","JP-KM,JP-OT",National Park,67,阿蘇くじゅう国立公園,32.949937,131.086471
JA-0009,JAFF-0004,Bandai-Asahi,Fukushima,JP-FS,National Park,78,磐梯朝日国立公園（磐梯）,37.691065,140.126724
JA-0014,JAFF-0005,Chichibu-Tama-Kai,"Nagano,Saitama,Tokyo,Yamanashi","JP-NN,JP-ST,JP-TK,JP-YN",National Park,125,秩父多摩甲斐国立公園,35.859261,138.863468
JA-0017,JAFF-0006,Chubusangaku,"Gifu,Niigata,Nagano,Toyama","JP-GF,JP-NI,JP-NN,JP-TY",National Park,174,中部山岳国立公園,36.448973,137.622264
JA-0024,JAFF-0007,Daisen-Oki,"Okayama,Shimane,Tottori","JP-OY,JP-SM,JP-TT",National Park,21,大山隠岐国立公園（大山ほか本州）,35.407228,133.543038
JA-0005,JAFF-0008,Daisetsuzan,Hokkaido,JP-HK,National Park,251,大雪山国立公園,43.519375,142.974701
JA-0016,JAFF-0009,Fuji-Hakone-Izu,Yamanashi,JP-YN,National Park,60,富士箱根伊豆国立公園（富士）,35.372908,138.673897
JA-0018,JAFF-0010,Hakusan,"Fukui,Gifu,Ishikawa,Toyama","JP-FI,JP-GF,JP-IS,JP-TY",National Park,47,白山国立公園,36.157856,136.765418
JA-0034,JAFF-0011,Iriomote-Ishigaki,Okinawa,JP-ON,National Park,35,西表石垣国立公園,24.481851,124.237711
JA-0020,JAFF-0012,Ise-Shima,Mie,JP-ME,National Park,73,伊勢志摩国立公園,34.426027,136.801594
JA-0012,JAFF-0013,Joshinetsu Kogen,"Gumma,Nagano,Niigata","JP-GM,JP-NN,JP-NI",National Park,149,上信越高原国立公園,36.691899,138.518845
JA-0029,JAFF-0014,Kirishima-Kinkowan,"Kagoshima,Miyazaki","JP-KS,JP-MZ",National Park,22,霧島錦江湾国立公園,31.921053,130.876712
JA-0004,JAFF-0015,Kushiroshitsugen,Hokkaido,JP-HK,National Park,29,釧路湿原国立公園,43.138287,144.445417
JA-0019,JAFF-0016,Minami Alps,"Nagano,Shizuoka,Yamanashi","JP-NN,JP-SZ,JP-YN",National Park,35,南アルプス国立公園,35.642147,138.217122
JA-0010,JAFF-0017,Nikko,"Fukushima,Gunma,Tochigi","JP-FS,JP-GM,JP-TC",National Park,98,日光国立公園,36.876297,139.46405
JA-0010,JAFF-0017,Nikko,"Fukushima,Gunma,Tochigi","JP-FS,JP-GM,JP-TC",National Park,98,日光国立公園,37.085327,139.969025
JA-0015,JAFF-0018,Ogasawara,Tokyo,JP-TK,National Park,41,小笠原国立公園,27.067126,142.211206
JA-0011,JAFF-0019,Oze,"Fukushima,Gunma,Niigata,Tochigi","JP-FS,JP-GM,JP-NI,JP-TC",National Park,37,尾瀬国立公園,36.938186,139.286898
JA-0001,JAFF-0021,Rishiri-Rebun-Sarobetsu,Hokkaido,JP-HK,National Park,19,利尻礼文サロベツ国立公園,45.194166,141.238826
JA-0026,JAFF-0022,Saikai,Nagasaki,JP-NS,National Park,11,西海国立公園（平戸九十九島）,33.274287,129.411392
JA-0022,JAFF-0023,San'inkaigan,"Hyogo,Kyoto,Tottori","JP-HG,JP-KY,JP-TT",National Park,21,山陰海岸国立公園,35.648461,134.64968
JA-0023,JAFF-0024,Setonaikai,"Oita,Fukuoka,Hyogo,Hiroshima,Osaka,Okayama,Tokushima,Wakayama,Yamaguchi","JP-OT,JP-FO,JP-HG,JP-HS,JP-OS,JP-OY,JP-TS,JP-WK,JP-YC",National Park,818,瀬戸内海国立公園（本州九州）,34.231485,134.822388
JA-0006,JAFF-0025,Shikotsu-Toya,Hokkaido,JP-HK,National Park,89,支笏洞爺国立公園,42.795918,141.221062
JA-0002,JAFF-0026,Shiretoko,Hokkaido,JP-HK,National Park,68,知床国立公園,44.16499,145.205445
JA-0007,JAFF-0027,Towada-Hachimantai,"Akita,Aomori,Iwate","JP-AO,JP-AK",National Park,48,十和田八幡平国立公園（十和田）,40.557999,140.90538
JA-0027,JAFF-0028,Unzen-Amakusa,Nagasaki,JP-NS,National Park,44,雲仙天草国立公園（雲仙）,32.743502,130.26063
JA-0021,JAFF-0029,Yoshino-Kumano,"Mie,Nara,Wakayama","JP-ME,JP-NR,JP-WK",National Park,50,吉野熊野国立公園,34.187296,135.950089
,JAFF-0030,Asuka Station,Antarctic,,Antarctic Station,0,あすか基地,0,0
,JAFF-0031,Dome Fuji Station,Antarctic,,Antarctic Station,0,ドームふじ基地,0,0
,JAFF-0032,Mizuho Station,Antarctic,,Antarctic Station,0,みずほ基地,0,0
,JAFF-0033,Syowa Station,Antarctic,,Antarctic Station,0,昭和基地,0,0
JA-0101,JAFF-0034,Shokanbetsu-Teuri-Yagishiri,Hokkaido,JP-HK,Nature Park,48,暑寒別天売焼尻国定公園（暑寒別）,43.729167,141.541667
JA-0102,JAFF-0035,Abashiri,Hokkaido,JP-HK,Nature Park,24,網走国定公園,44.189224,143.747567
JA-0103,JAFF-0036,Niseko-Shakotan-Otaru Kaiga,Hokkaido,JP-HK,Nature Park,17,ニセコ積丹小樽海岸国定公園,42.897255,140.569858
JA-0104,JAFF-0037,Hidaka Sanmyaku-Erimo,Hokkaido,JP-HK,Nature Park,101,日高山脈襟裳国定公園（日高山脈）,42.582779,142.853393
JA-0105,JAFF-0038,Onuma,Hokkaido,JP-HK,Nature Park,10,大沼国定公園,41.985827,140.669247
JA-0106,JAFF-0039,Shimokita Hanto,Aomori,JP-AO,Nature Park,24,下北半島国定公園,41.328551,141.060467
JA-0107,JAFF-0040,Tsugaru,Aomori,JP-AO,Nature Park,18,津軽国定公園,41.253563,140.344893
JA-0108,JAFF-0041,Hayachine,Iwate,JP-IW,Nature Park,5,早池峰国定公園,39.543155,141.491882
JA-0109,JAFF-0042,Kurikoma,"Akita,Iwate,Miyagi,Yamagata","JP-AK,JP-IW,JP-MG,JP-YT",Nature Park,70,栗駒国定公園,38.898888,140.653153
JA-0110,JAFF-0044,Zao,"Miyagi,Yamagata","JP-MG,JP-YT",Nature Park,40,蔵王国定公園,38.147942,140.450091
JA-0111,JAFF-0045,Oga,Akita,JP-AK,Nature Park,11,男鹿国定公園,39.887298,139.777355
JA-0112,JAFF-0046,Chokai,"Akita,Yamagata","JP-AK,JP-YT",Nature Park,31,鳥海国定公園,39.078134,140.040941
JA-0114,JAFF-0047,Suigo-Tsukuba,"Chiba,Ibaraki","JP-CH,JP-IB",Nature Park,23,水郷筑波国定公園,35.990002,140.473562
JA-0114,JAFF-0047,Suigo-Tsukuba,"Chiba,Ibaraki","JP-CH,JP-IB",Nature Park,23,水郷筑波国定公園,36.268099,140.140228
JA-0116,JAFF-0048,Minami-Boso,Chiba,JP-CH,Nature Park,16,南房総国定公園,35.081644,140.089298
JA-0117,JAFF-0049,Meiji no Mori Takao,Tokyo,JP-TK,Nature Park,0,明治の森高尾国定公園,35.633371,139.265815
JA-0118,JAFF-0050,Tanzawa-Oyama,Kanagawa,JP-KN,Nature Park,27,丹沢大山国定公園,35.410512,139.209838
JA-0113,JAFF-0051,Echigo sanzan-Tadami,"Niigata,Fukushima","JP-NI,JP-FS",Nature Park,89,越後三山只見国定公園,37.176201,139.271622
JA-0115,JAFF-0052,Myogi-Arafune-Saku Kogen,"Gumma,Nagano","JP-GM,JP-NN",Nature Park,14,妙義荒船佐久高原国定公園,36.257018,138.611385
JA-0119,JAFF-0053,Sado-Yahiko-Yoneyama,Niigata,JP-NI,Nature Park,27,佐渡弥彦米山国定公園（佐渡）,37.808247,138.225403
JA-0120,JAFF-0054,Noto Hanto,"Ishikawa,Toyama","JP-IS,JP-TY",Nature Park,10,能登半島国定公園,37.525613,137.257421
JA-0121,JAFF-0055,Echizen-Kaga Kaigan,"Fukui,Ishikawa","JP-FI,JP-IS",Nature Park,12,越前加賀海岸国定公園,36.246216,136.130276
JA-0123,JAFF-0056,Yatsugatake-Chushin Kogen,"Nagano,Yamanashi","JP-NN,JP-YN",Nature Park,39,八ヶ岳中信高原国定公園,35.99805,138.358272
JA-0125,JAFF-0057,Tenryu-Okumikawa,"Aichi,Nagano,Shizuoka","JP-AI,JP-NN,JP-SZ",Nature Park,10,天竜奥三河国定公園,35.172133,137.81971
JA-0126,JAFF-0058,Ibi-Sekigahara-Yoro,Gifu,JP-GF,Nature Park,52,揖斐関ケ原養老国定公園,35.294186,136.509024
JA-0127,JAFF-0059,Hida-Kisogawa,"Aichi,Gifu","JP-AI,JP-GF",Nature Park,15,飛騨木曽川国定公園,35.733439,137.202852
JA-0128,JAFF-0060,Aichi Kogen,Aichi,JP-AI,Nature Park,18,愛知高原国定公園,35.033073,137.40967
JA-0129,JAFF-0061,Mikawa Wan,Aichi,JP-AI,Nature Park,7,三河湾国定公園,34.815549,137.232889
JA-0130,JAFF-0062,Suzuka,"Mie,Shiga","JP-ME,JP-SH",Nature Park,28,鈴鹿国定公園,35.076866,136.338845
JA-0122,JAFF-0063,Wakasa Wan,"Fukui,Kyoto","JP-FI,JP-KY",Nature Park,36,若狭湾国定公園,35.578089,135.875216
JA-0133,JAFF-0064,Tango-Amanohashidate-Oeya,Kyoto,JP-KY,Nature Park,19,丹後天橋立大江山国定公園,35.566892,135.189605
JA-0132,JAFF-0065,Biwako,"Kyoto,Shiga","JP-KY,JP-SH",Nature Park,84,琵琶湖国定公園,35.237681,136.16608
JA-0131,JAFF-0066,Muro-Akame-Aoyama,"Mie,Nara","JP-ME,JP-NR",Nature Park,22,室生赤目青山国定公園,34.559676,136.09151
JA-0136,JAFF-0067,Kongo-Ikoma-Kisen,"Nara,Osaka,Wakayama","JP-NR,JP-OS,JP-WK",Nature Park,17,金剛生駒紀泉国定公園,34.460747,135.68713
JA-0138,JAFF-0068,Yamato-Aogaki,Nara,JP-NR,Nature Park,5,大和青垣国定公園,34.53936,135.856598
JA-0139,JAFF-0069,Koya-Ryujin,"Nara,Wakayama","JP-NR,JP-WK",Nature Park,18,高野龍神国定公園,34.076509,135.560391
JA-0135,JAFF-0070,Meiji no Mori Mino,Osaka,JP-OS,Nature Park,0,明治の森箕面国定公園,34.857652,135.47821
JA-0137,JAFF-0071,Hyonosen-Ushiroyama-Nagis,"Hyogo,Okayama,Tottori","JP-HG,JP-OY,JP-TT",Nature Park,34,氷ノ山後山那岐山国定公園,35.496909,134.470774
JA-0140,JAFF-0072,Hiba-Dogo-Taishaku,"Hiroshima,Shimane,Tottori","JP-HS,JP-SM,JP-TT",Nature Park,6,比婆道後帝釈国定公園,35.073192,133.056766
JA-0141,JAFF-0073,Nishi-Chugoku Sanchi,"Shimane,Yamagushi,Hiroshima","JP-SM,JP-YC,JP-HS",Nature Park,28,西中国山地国定公園,34.56239,132.024703
JA-0142,JAFF-0074,Kita-Nagato Kaigan,Yamaguchi,JP-YC,Nature Park,24,北長門海岸国定公園,34.532064,131.499461
JA-0143,JAFF-0075,Akiyoshidai,Yamaguchi,JP-YC,Nature Park,4,秋吉台国定公園,34.249874,131.303599
JA-0144,JAFF-0076,Tsurugisan,"Kochi,Tokushima","JP-KC,JP-TS",Nature Park,11,剣山国定公園,33.917735,133.805344
JA-0145,JAFF-0077,Muroto-Anan Kaigan,"Kochi,Tokushima","JP-KC,JP-TS",Nature Park,12,室戸阿南海岸国定公園,33.835331,134.746959
JA-0146,JAFF-0078,Ishizuchi,"Ehime,Kochi","JP-EH,JP-KC",Nature Park,10,石鎚国定公園,33.76668,133.114295
JA-0147,JAFF-0079,Kitakyushu,Fukuoka,JP-FO,Nature Park,5,北九州国定公園,33.846078,130.794248
JA-0148,JAFF-0080,Genkai,"Fukuoka,Nagasaki,Saga","JP-FO,JP-NS,JP-SG",Nature Park,19,玄海国定公園,33.579972,130.09672
JA-0149,JAFF-0081,Yaba-Hita-Hikosan,"Oita,Fukuoka,Kumamoto","JP-OT,JP-FO,JP-KM",Nature Park,64,耶馬日田英彦山国定公園,33.40238,131.053891
JA-0150,JAFF-0082,Iki-Tsushima,Nagasaki,JP-NS,Nature Park,22,壱岐対馬国定公園,33.741209,129.708078
JA-0151,JAFF-0083,Kyushu Chuo Sanchi,"Kumamoto,Miyazaki","JP-KM,JP-MZ",Nature Park,19,九州中央山地国定公園,32.531882,131.022999
JA-0151,JAFF-0083,Kyushu Chuo Sanchi,"Kumamoto,Miyazaki","JP-KM,JP-MZ",Nature Park,19,九州中央山地国定公園,32.044575,131.176758
JA-0152,JAFF-0084,Nippo Kaigan,"Miyazaki,Oita","JP-MZ,JP-OT",Nature Park,20,日豊海岸国定公園,32.934378,132.041159
JA-0153,JAFF-0085,Sobo-Katamuki,"Miyazaki,Oita","JP-MZ,JP-OT",Nature Park,23,祖母傾国定公園,32.835852,131.431175
JA-0154,JAFF-0086,Nichinan Kaigan,"Kagoshima,Miyazaki","JP-KS,JP-MZ",Nature Park,13,日南海岸国定公園,31.80336,131.468612
JA-0031,JAFF-0087,Amamigunto,Kagoshima,JP-KS,National Park,13,奄美群島国立公園,28.166342,129.289341
JA-0156,JAFF-0088,Okinawa Kaigan,Okinawa,JP-ON,Nature Park,12,沖縄海岸国定公園,26.777966,128.212674
JA-0157,JAFF-0089,Okinawa Senseki,Okinawa,JP-ON,Nature Park,4,沖縄戦跡国定公園,26.087988,127.699193
JA-0030,JAFF-0090,Yakushima （Island） ,Kagoshima,JP-KS,National Park,22,屋久島国立公園,30.326121,130.530023
,JAFF-0091,Minami Torishima,Tokyo,JP-TK,Remote island,0,南鳥島,24.289169,153.980591
JA-0033,JAFF-0092,Keramashoto,Okinawa,JP-ON,National Park,12,慶良間諸島国立公園,26.202038,127.360446
JA-0008,JAFF-0093,Sanriku Fukko,"Aomori,Iwate,Miyagi","JP-AO,JP-IW,JP-MG",National Park,40,三陸復興国立公園,39.03058,141.837616
JA-0013,JAFF-0094,Myoko-Togakushi renzan,"Niigata,Nagano","JP-NI,JP-NN",National Park,39,妙高戸隠連山国立公園,36.836431,138.076624
JA-0155,JAFF-0095,Koshikishima,Kagoshima,JP-KS,Nature Park,0,甑島国定公園,31.86166,129.876681
JA-0134,JAFF-0096,Kyoto Tamba Kogen,Kyoto,JP-KY,Nature Park,1,京都丹波高原国定公園,35.276535,135.588688
JA-0032,JAFF-0097,Yambaru,Okinawa,JP-ON,National Park,0,やんばる国立公園,26.728629,128.221064
,JAFF-0098,Ogasawara Islands,Tokyo,JP-TK,Remote island,0,小笠原諸島,27.016314,142.219391
JA-1001,JAFF-0099,Akkeshi-Kiritappu-Konbumori,Hokkaido,JP-HK,Provincial Park,22,厚岸霧多布昆布森国定公園,43.042829,144.974213
JA-0009,JAFF-0101,Bandai-Asahi,Yamagata,JP-YT,National Park,78,磐梯朝日国立公園（出羽三山朝日）,38.343586,139.849606
JA-0009,JAFF-0102,Bandai-Asahi,Niigata,JP-NI,National Park,42,磐梯朝日国立公園（飯豊）,37.90547,139.558296
JA-0024,JAFF-0103,Daisen-Oki,Shimane,JP-SM,National Park,16,大山隠岐国立公園（隠岐）,36.146562,133.190231
JA-0016,JAFF-0104,Fuji-Hakone-Izu,Kanagawa,JP-KN,National Park,50,富士箱根伊豆国立公園（箱根）,35.225429,139.016876
JA-0016,JAFF-0105,Fuji-Hakone-Izu,Shizuoka,JP-SZ,National Park,0,富士箱根伊豆国立公園（伊豆半島）,34.875228,139.114609
JA-0016,JAFF-0106,Fuji-Hakone-Izu,Tokyo,JP-TK,National Park,12,富士箱根伊豆国立公園（伊豆諸島）,34.083375,139.499817
JA-0001,JAFF-0107,Rishiri-Rebun-Sarobetsu,Hokkaido,JP-HK,National Park,19,利尻礼文サロベツ国立公園,45.194166,141.238826
JA-0007,JAFF-0108,Towada-Hachimantai,"Akita,Aomori,Iwate","JP-AK,JP-IW",National Park,42,十和田八幡平国立公園（八幡平）,39.83552,140.821381
JA-0027,JAFF-0109,Unzen-Amakusa,"Kumamoto,Kagoshima","JP-KM,JP-KS",National Park,44,雲仙天草国立公園（天草）,32.400738,130.352054
JA-0101,JAFF-0110,Shokanbetsu-Teuri-Yagishiri,Hokkaido,JP-HK,Nature Park,1,暑寒別天売焼尻国定公園（天売焼尻）,43.729167,141.541667
JA-0104,JAFF-0111,Hidaka Sanmyaku-Erimo,Hokkaido,JP-HK,Nature Park,12,日高山脈襟裳国定公園（襟裳）,41.943659,143.234253
JA-0119,JAFF-0112,Sado-Yahiko-Yoneyama,Niigata,JP-NI,Nature Park,10,佐渡弥彦米山国定公園（弥彦米山）,38.16139,138.323775
JA-0026,JAFF-0113,Saikai,Nagasaki,JP-NS,National Park,11,西海国立公園（五島）,33.164173,129.676615
JA-0023,JAFF-0114,Setonaikai,"Ehime,Kagawa","JP-EH,JP-KG",National Park,31,瀬戸内海国立公園（四国）,33.992334,133.056793
JA-0023,JAFF-0115,Setonaikai,Hiroshima,JP-HS,National Park,2,瀬戸内海国立公園（その他島嶼）,34.279563,133.229355
JA-1002,JAFF-0116,Furano-Ashibetsu,Hokkaido,JP-HK,Provincial Park,29,富良野芦別道立自然公園,43.213333,142.284167
JA-1003,JAFF-0118,Hiyama,Hokkaido,JP-HK,Provincial Park,15,檜山道立自然公園,41.868889,140.114444
JA-1004,JAFF-0119,Esan,Hokkaido,JP-HK,Provincial Park,1,恵山道立自然公園,41.815,141.173333
JA-1005,JAFF-0120,Notsuke-Furen,Hokkaido,JP-HK,Provincial Park,9,野付風蓮道立自然公園,43.604942,145.283548
JA-1006,JAFF-0121,Matsumae-Yagoshi,Hokkaido,JP-HK,Provincial Park,1,松前矢越道立自然公園,41.398333,140.199444
JA-1007,JAFF-0122,North Okhotsk,Hokkaido,JP-HK,Provincial Park,3,北オホーツク道立自然公園,45.147222,142.369611
JA-1008,JAFF-0123,Nopporo Shinrin Kouen,Hokkaido,JP-HK,Provincial Park,2,野幌森林公園道立自然公園,43.0525,141.500556
JA-1009,JAFF-0124,Kariba-Motta,Hokkaido,JP-HK,Provincial Park,23,狩場茂津多道立自然公園,42.609722,139.853056
JA-1010,JAFF-0125,Shumarinai,Hokkaido,JP-HK,Provincial Park,15,朱鞠内道立自然公園,44.308333,142.181389
JA-1011,JAFF-0126,Teshiodake,Hokkaido,JP-HK,Provincial Park,7,天塩岳道立自然公園,43.9875,142.860556
JA-1012,JAFF-0127,Sharidake,Hokkaido,JP-HK,Provincial Park,3,斜里岳道立自然公園,43.761667,144.7225
JA-1024,JAFF-0128,Asamushi-Natsudomari,Aomori,JP-AO,Provincial Park,5,浅虫夏泊県立自然公園,40.998147,140.892798
JA-1027,JAFF-0129,Ashinonumagun,Aomori,JP-AO,Provincial Park,0,芦野池沼群県立自然公園,40.913637,140.451602
JA-1025,JAFF-0130,Owani Ikarigaseki Onsenkyo,Aomori,JP-AO,Provincial Park,3,大鰐碇ヶ関温泉郷県立自然公園,40.457239,140.660019
JA-1029,JAFF-0131,Iwaki Kogen,Aomori,JP-AO,Provincial Park,2,岩木高原県立自然公園,40.655833,140.303056
JA-1026,JAFF-0132,Nakuidake,Aomori,JP-AO,Provincial Park,1,名久井岳県立自然公園,40.387944,141.308333
JA-1028,JAFF-0133,Kuroishi Onsenkyo,Aomori,JP-AO,Provincial Park,5,黒石温泉郷県立自然公園,40.595367,140.706024
JA-1030,JAFF-0134,Tsugaru Shirakami,Aomori,JP-AO,Provincial Park,5,津軽白神県立自然公園,40.629444,140.110556
JA-1034,JAFF-0135,Kuji-Hiraniwa,Iwate,JP-IW,Provincial Park,1,久慈平庭県立自然公園,40.084743,141.531372
JA-1035,JAFF-0136,Sotoyama-Hayasaka Heights,Iwate,JP-IW,Provincial Park,7,外山早坂高原県立自然公園,39.822345,141.305695
JA-1033,JAFF-0137,Hanamaki Onsenkyo,Iwate,JP-IW,Provincial Park,1,花巻温泉郷県立自然公園,39.458294,141.057358
JA-1036,JAFF-0138,Yuda Onsenkyo,Iwate,JP-IW,Provincial Park,1,湯田温泉峡県立自然公園,39.340556,140.789722
JA-1037,JAFF-0139,Orizume-Basenkyo,Iwate,JP-IW,Provincial Park,0,折爪馬仙峡県立自然公園,40.250998,141.275703
JA-1038,JAFF-0140,Goyozan,Iwate,JP-IW,Provincial Park,5,五葉山県立自然公園,39.203038,141.728896
JA-1039,JAFF-0141,Murone Kogen,Iwate,JP-IW,Provincial Park,1,室根高原県立自然公園,38.973889,141.445833
JA-1065,JAFF-0142,Tazawako Dakigaeri,Akita,JP-AK,Provincial Park,5,田沢湖抱返り県立自然公園,39.73,140.66
JA-1059,JAFF-0143,Hachimori Iwadate,Akita,JP-AK,Provincial Park,1,八森岩館県立自然公園,40.37,140.01
JA-1062,JAFF-0144,Kimimachi-zaka,Akita,JP-AK,Provincial Park,0,きみまち阪県立自然公園,40.221401,140.256283
JA-1060,JAFF-0145,Akita Shirakami,Akita,JP-AK,Provincial Park,4,秋田白神県立自然公園,40.44226,140.060349
JA-1063,JAFF-0146,Moriyoshizan,Akita,JP-AK,Provincial Park,16,森吉山県立自然公園,39.971875,140.622253
JA-1064,JAFF-0147,Taiheizan,Akita,JP-AK,Provincial Park,9,太平山県立自然公園,39.79,140.31
JA-1061,JAFF-0148,Tashirodake,Akita,JP-AK,Provincial Park,1,田代岳県立自然公園,40.436848,140.392914
JA-1066,JAFF-0149,Magi Mahiru,Akita,JP-AK,Provincial Park,6,真木真昼県立自然公園,39.5375,140.69
JA-1070,JAFF-0150,Shonai Kaihin,Yamagata,JP-YT,Provincial Park,2,庄内海浜県立自然公園,38.777292,139.755707
JA-1071,JAFF-0151,Goshozan,Yamagata,JP-YT,Provincial Park,12,御所山県立自然公園,38.49876,140.535049
JA-1072,JAFF-0152,Kennan,Yamagata,JP-YT,Provincial Park,9,県南県立自然公園,37.972908,140.244598
JA-1073,JAFF-0153,Kabusan,Yamagata,JP-YT,Provincial Park,7,加無山県立自然公園,38.990531,140.389072
JA-1074,JAFF-0154,Tendo Kogen,Yamagata,JP-YT,Provincial Park,1,天童高原県立自然公園,38.348968,140.452137
JA-1075,JAFF-0155,Mogamigawa,Yamagata,JP-YT,Provincial Park,1,最上川県立自然公園,38.756494,140.051457
JA-1048,JAFF-0156,Matsushima,Miyagi,JP-MG,Provincial Park,11,松島県立自然公園,38.353333,141.064167
JA-1049,JAFF-0157,Asahiyama,Miyagi,JP-MG,Provincial Park,0,旭山県立自然公園,38.488333,141.181111
JA-1044,JAFF-0158,Zao Kogen,Miyagi,JP-MG,Provincial Park,21,蔵王高原県立自然公園,38.081944,140.548611
JA-1046,JAFF-0159,Futakuchi Kyokoku,Miyagi,JP-MG,Provincial Park,8,二口峡谷県立自然公園,38.278333,140.521667
JA-1051,JAFF-0160,Kesennuma,Miyagi,JP-MG,Provincial Park,20,気仙沼県立自然公園,38.860833,141.498889
JA-1047,JAFF-0161,Funagatarenpo,Miyagi,JP-MG,Provincial Park,36,船形連峰県立自然公園,38.425639,140.660019
JA-1050,JAFF-0162,Kenjosan Mangokuura,Miyagi,JP-MG,Provincial Park,11,硯上山万石浦県立自然公園,38.464897,141.411667
JA-1045,JAFF-0163,Abukuma Keikoku,Miyagi,JP-MG,Provincial Park,2,阿武隈渓谷県立自然公園,37.833309,140.715268
JA-1088,JAFF-0164,Ryozen,Fukushima,JP-FS,Provincial Park,2,霊山県立自然公園,37.776457,140.67705
JA-1089,JAFF-0165,Kasumigajo,Fukushima,JP-FS,Provincial Park,0,霞ヶ城県立自然公園,37.599089,140.428982
JA-1090,JAFF-0166,Nanko,Fukushima,JP-FS,Provincial Park,0,南湖県立自然公園,37.109722,140.219722
JA-1091,JAFF-0167,Okukuji,Fukushima,JP-FS,Provincial Park,9,奥久慈県立自然公園（福島県）,36.937881,140.279957
JA-1092,JAFF-0168,Iwaki Kaigan,Fukushima,JP-FS,Provincial Park,2,磐城海岸県立自然公園,37.136412,140.998146
JA-1094,JAFF-0169,Nakoso,Fukushima,JP-FS,Provincial Park,1,勿来県立自然公園,36.867832,140.781588
JA-1098,JAFF-0170,Natsuigawa Keikoku,Fukushima,JP-FS,Provincial Park,2,夏井川渓谷県立自然公園,37.101642,140.797559
JA-1093,JAFF-0171,Matsukawaura,Fukushima,JP-FS,Provincial Park,1,松川浦県立自然公園,37.798056,140.975556
JA-1095,JAFF-0172,Tadami Yanaizu,Fukushima,JP-FS,Provincial Park,15,只見柳津県立自然公園,37.533056,139.724722
JA-1096,JAFF-0173,Okawa Hatori,Fukushima,JP-FS,Provincial Park,16,大川羽鳥県立自然公園,37.24655,140.006104
JA-1097,JAFF-0174,Abukuma Kogen Chubu,Fukushima,JP-FS,Provincial Park,3,阿武隈高原中部県立自然公園,37.354942,140.697898
JA-1348,JAFF-0175,Senami Sasagawanagare Awa,Niigata,JP-NI,Provincial Park,6,瀬波笹川流れ粟島県立自然公園,38.422994,139.47586
JA-1349,JAFF-0176,Tainai Ninoji,Niigata,JP-NI,Provincial Park,11,胎内二王子県立自然公園,37.96945,139.513781
JA-1350,JAFF-0177,Aganogawa Line,Niigata,JP-NI,Provincial Park,2,阿賀野川ライン県立自然公園,37.707006,139.449577
JA-1351,JAFF-0178,Gozu Renpo,Niigata,JP-NI,Provincial Park,5,五頭連峰県立自然公園,37.81128,139.322433
JA-1353,JAFF-0179,Okuhayade Awa Sumon,Niigata,JP-NI,Provincial Park,35,奥早出粟守門県立自然公園,37.579264,139.14738
JA-1355,JAFF-0180,Yoneyama Fukuurahakkei,Niigata,JP-NI,Provincial Park,6,米山福浦八景県立自然公園,37.352018,138.489636
JA-1354,JAFF-0181,Uonuma Renpo,Niigata,JP-NI,Provincial Park,14,魚沼連峰県立自然公園,37.025597,139.034729
JA-1357,JAFF-0182,Kubiki,Niigata,JP-NI,Provincial Park,5,久比岐県立自然公園,37.17161,138.096499
JA-1358,JAFF-0183,Hakuba Sanroku,Niigata,JP-NI,Provincial Park,3,白馬山麓県立自然公園,36.955901,137.96143
JA-1360,JAFF-0184,Kosado,Niigata,JP-NI,Provincial Park,36,小佐渡県立自然公園,38.065971,138.549716
JA-1356,JAFF-0185,Naomine Matsunoyama Oike,Niigata,JP-NI,Provincial Park,1,直峰松之山大池県立自然公園,37.174532,138.373195
JA-1352,JAFF-0186,Nagaoka Higashiyama Yamam,Niigata,JP-NI,Provincial Park,2,長岡東山山本山県立自然公園,37.4228,138.934386
JA-1359,JAFF-0187,Oyashirazu Koshirazu,Niigata,JP-NI,Provincial Park,1,親不知子不知県立自然公園,36.992059,137.693572
JA-0124,JAFF-0188,Chuo Alps,Nagano,JP-NN,Nature Park,30,中央アルプス国定公園,35.790138,137.811053
JA-1335,JAFF-0189,Ontake,Nagano,JP-NN,Provincial Park,18,御岳県立公園,35.912747,137.518274
JA-1336,JAFF-0190,  Mitsuminegawa Suikei,Nagano,JP-NN,Provincial Park,0,三峰川水系県立公園,35.831136,138.062
JA-1337,JAFF-0191,Enrei Ojo,Nagano,JP-NN,Provincial Park,1,塩嶺王城県立自然公園,36.085927,138.028773
JA-1338,JAFF-0192,Hijiriyama Kogen,Nagano,JP-NN,Provincial Park,2,聖山高原県立公園,36.489558,138.065282
JA-1339,JAFF-0193,Tenryu Koshibu Suikei,Nagano,JP-NN,Provincial Park,2,天竜小渋水系県立自然公園,35.61211,137.988373
JA-1204,JAFF-0194,Takiyama Nature,Tokyo,JP-TK,Provincial Park,0,滝山都立自然公園,35.700859,139.33164
JA-1205,JAFF-0195,Takao Jinba,Tokyo,JP-TK,Provincial Park,4,高尾陣場都立自然公園,35.650589,139.221367
JA-1206,JAFF-0196,Tama Kyuryo,Tokyo,JP-TK,Provincial Park,2,多摩丘陵都立自然公園,35.660094,139.410166
JA-1208,JAFF-0197,Hamura Kusabana Kyuryo,Tokyo,JP-TK,Provincial Park,0,羽村草花丘陵都立自然公園,35.755422,139.308885
JA-1209,JAFF-0198,Akigawa Kyuryo,Tokyo,JP-TK,Provincial Park,1,秋川丘陵都立自然公園,35.713759,139.272908
JA-1207,JAFF-0199,Sayama Nature,Tokyo,JP-TK,Provincial Park,1,狭山都立自然公園（東京都）,35.760691,139.437644
JA-1292,JAFF-0200,Manazuru Hanto,Kanagawa,JP-KN,Provincial Park,0,真鶴半島県立自然公園,35.146125,139.148433
JA-1291,JAFF-0201,Oku Yugawara,Kanagawa,JP-KN,Provincial Park,1,奥湯河原県立自然公園,35.152301,139.094875
JA-1289,JAFF-0202,Tanzawa Oyama,Kanagawa,JP-KN,Provincial Park,5,丹沢大山県立自然公園,35.511976,139.259806
JA-1290,JAFF-0203,Jinba Sagamiko,Kanagawa,JP-KN,Provincial Park,3,陣馬相模湖県立自然公園,35.658097,139.153926
JA-1188,JAFF-0204,Otone,Chiba,JP-CH,Provincial Park,0,大利根県立自然公園,35.91506,140.46836
JA-1187,JAFF-0205,Tomisan,Chiba,JP-CH,Provincial Park,0,富山県立自然公園,35.095349,139.881581
JA-1186,JAFF-0206,Mineoka Sankei,Chiba,JP-CH,Provincial Park,1,嶺岡山系県立自然公園,35.115001,139.985036
JA-1182,JAFF-0207,Yoro Keikoku Okukiyosumi,Chiba,JP-CH,Provincial Park,2,養老渓谷奥清澄県立自然公園,35.251745,140.16282
JA-1185,JAFF-0208,Takagoyama,Chiba,JP-CH,Provincial Park,1,高宕山県立自然公園,35.197954,139.992784
JA-1183,JAFF-0209,Kujukuri,Chiba,JP-CH,Provincial Park,0,九十九里県立自然公園,35.447346,140.404084
JA-1184,JAFF-0210,Inba Tega,Chiba,JP-CH,Provincial Park,6,印旛手賀県立自然公園,35.811233,140.23098
JA-1189,JAFF-0211,Kasamori Tsurumai,Chiba,JP-CH,Provincial Park,2,笠森鶴舞県立自然公園,35.399525,140.200815
JA-1145,JAFF-0212,Sayama,Saitama,JP-ST,Provincial Park,1,狭山県立自然公園（埼玉県）,35.777658,139.416087
JA-1146,JAFF-0213,Okumusashi,Saitama,JP-ST,Provincial Park,21,奥武蔵県立自然公園,35.906093,139.189621
JA-1147,JAFF-0214,Kuroyama,Saitama,JP-ST,Provincial Park,10,黒山県立自然公園,35.959159,139.236236
JA-1148,JAFF-0215,Nagatoro Tamayodo,Saitama,JP-ST,Provincial Park,15,長瀞玉淀県立自然公園,36.094948,139.115449
JA-1149,JAFF-0216,Hikikyuryo,Saitama,JP-ST,Provincial Park,3,比企丘陵県立自然公園,36.000388,139.363682
JA-1150,JAFF-0217,Jobu,Saitama,JP-ST,Provincial Park,6,上武県立自然公園,36.129182,139.022834
JA-1151,JAFF-0218,Buko,Saitama,JP-ST,Provincial Park,13,武甲県立自然公園,35.953944,139.012852
JA-1152,JAFF-0219,Angyo Bunan,Saitama,JP-ST,Provincial Park,0,安行武南県立自然公園,35.85406,139.735281
JA-1153,JAFF-0220,Ryogami,Saitama,JP-ST,Provincial Park,5,両神県立自然公園,36.02036,138.857779
JA-1154,JAFF-0221,Nishichichibu,Saitama,JP-ST,Provincial Park,9,西秩父県立自然公園,36.0615,138.962768
JA-1109,JAFF-0222,Okukuji,Ibaraki,JP-IB,Provincial Park,9,奥久慈県立自然公園（茨城県）,36.92687,140.263219
JA-1106,JAFF-0223,Hanazono Hananuki,Ibaraki,JP-IB,Provincial Park,23,花園花貫県立自然公園,36.800689,140.549011
JA-1108,JAFF-0224,Ota,Ibaraki,JP-IB,Provincial Park,2,太田県立自然公園,36.541825,140.514178
JA-1112,JAFF-0225,Gozenyama,Ibaraki,JP-IB,Provincial Park,7,御前山県立自然公園,36.544846,140.323605
JA-1110,JAFF-0226,Oarai Prefectural,Ibaraki,JP-IB,Provincial Park,1,大洗県立自然公園,36.368442,140.623541
JA-1114,JAFF-0227,Kasama,Ibaraki,JP-IB,Provincial Park,1,笠間県立自然公園,36.383738,140.267558
JA-1111,JAFF-0228,Mito,Ibaraki,JP-IB,Provincial Park,0,水戸県立自然公園,36.372358,140.459868
JA-1113,JAFF-0229,Wagakuni Atago,Ibaraki,JP-IB,Provincial Park,4,吾国愛宕県立自然公園,36.335552,140.220737
JA-1107,JAFF-0230,Takasuzu,Ibaraki,JP-IB,Provincial Park,3,高鈴県立自然公園,36.614272,140.589136
JA-1131,JAFF-0231,Mashiko,Tochigi,JP-TC,Provincial Park,2,益子県立自然公園,36.466149,140.118716
JA-1132,JAFF-0232,Ohirasan,Tochigi,JP-TC,Provincial Park,1,太平山県立自然公園（栃木県）,36.359912,139.697713
JA-1133,JAFF-0233,Karasawayama,Tochigi,JP-TC,Provincial Park,1,唐沢山県立自然公園,36.353826,139.600078
JA-1128,JAFF-0234,Mae Nikko,Tochigi,JP-TC,Provincial Park,9,前日光県立自然公園,36.623006,139.521387
JA-1134,JAFF-0235,Ashikaga,Tochigi,JP-TC,Provincial Park,1,足利県立自然公園,36.379753,139.442304
JA-1135,JAFF-0236,Utsunomiya,Tochigi,JP-TC,Provincial Park,1,宇都宮県立自然公園,36.605942,139.80951
JA-1130,JAFF-0237,Nakagawa,Tochigi,JP-TC,Provincial Park,2,那珂川県立自然公園,36.5978,140.18794
JA-1129,JAFF-0238,Yamizo,Tochigi,JP-TC,Provincial Park,7,八溝県立自然公園,36.81993,140.12352
JA-1326,JAFF-0239,Shibireko,Yamanashi,JP-YN,Provincial Park,0,四尾連湖県立自然公園,35.529143,138.517308
JA-1327,JAFF-0240,Minami Alps Koma,Yamanashi,JP-YN,Provincial Park,13,南アルプス巨摩県立自然公園,35.594053,138.356714
JA-1443,JAFF-0241,Hamanako,Shizuoka,JP-SZ,Provincial Park,16,浜名湖県立自然公園,34.695148,137.595475
JA-1440,JAFF-0242,Nihondaira Mihonomatsubara,Shizuoka,JP-SZ,Provincial Park,1,日本平・三保の松原県立自然公園,34.974927,138.466383
JA-1441,JAFF-0243,Okuoi,Shizuoka,JP-SZ,Provincial Park,4,奥大井県立自然公園,35.181635,138.111396
JA-1442,JAFF-0244,Omaezaki Enshunada,Shizuoka,JP-SZ,Provincial Park,1,御前崎遠州灘県立自然公園,34.595573,138.225995
JA-1418,JAFF-0245,Senbon Matsubara,Gifu,JP-GF,Provincial Park,0,千本松原県立自然公園,35.14613,136.669165
JA-1419,JAFF-0246,Ibi,Gifu,JP-GF,Provincial Park,2,揖斐県立自然公園,35.638211,136.486992
JA-1420,JAFF-0247,Okuhida Sugo Nagareha,Gifu,JP-GF,Provincial Park,2,奥飛騨数河流葉県立自然公園,36.308175,137.245689
JA-1421,JAFF-0248,Uetsu Shijuhattaki,Gifu,JP-GF,Provincial Park,0,宇津江四十八滝県立自然公園,36.197139,137.161052
JA-1422,JAFF-0249,Enakyo,Gifu,JP-GF,Provincial Park,1,恵那峡県立自然公園,35.481323,137.406876
JA-1423,JAFF-0250,Enasan,Gifu,JP-GF,Provincial Park,5,胞山県立自然公園,35.444355,137.590562
JA-1424,JAFF-0251,Urakiso,Gifu,JP-GF,Provincial Park,10,裏木曽県立自然公園,35.698134,137.44177
JA-1425,JAFF-0252,Ibuki,Gifu,JP-GF,Provincial Park,5,伊吹県立自然公園,35.418501,136.433142
JA-1426,JAFF-0253,Toki Mikuniyama,Gifu,JP-GF,Provincial Park,2,土岐三国山県立自然公園,35.254644,137.19076
JA-1427,JAFF-0254,Kuraiyama Funayama,Gifu,JP-GF,Provincial Park,2,位山舟山県立自然公園,36.037884,137.199268
JA-1428,JAFF-0255,Okunagaragawa,Gifu,JP-GF,Provincial Park,31,奥長良川県立自然公園,35.959483,136.817717
JA-1429,JAFF-0256,Nomugi,Gifu,JP-GF,Provincial Park,0,野麦県立自然公園,36.052508,137.602692
JA-1430,JAFF-0257,Seseragi Keikoku,Gifu,JP-GF,Provincial Park,2,せせらぎ渓谷県立自然公園,36.026212,137.069706
JA-1431,JAFF-0258,Amo,Gifu,JP-GF,Provincial Park,1,天生県立自然公園,36.252293,136.962743
JA-1432,JAFF-0259,Ontakesan,Gifu,JP-GF,Provincial Park,4,御嶽山県立自然公園,35.902606,137.464209
JA-1457,JAFF-0260,Sakurabuchi,Aichi,JP-AI,Provincial Park,1,桜淵県立自然公園,34.895722,137.506369
JA-1458,JAFF-0261,Ishimakisan Tame,Aichi,JP-AI,Provincial Park,2,石巻山多米県立自然公園,34.789,137.460608
JA-1454,JAFF-0262,Dando Kogen,Aichi,JP-AI,Provincial Park,2,段戸高原県立自然公園,35.167392,137.473203
JA-1455,JAFF-0263,Furikusa Keikoku,Aichi,JP-AI,Provincial Park,2,振草渓谷県立自然公園,35.076928,137.665133
JA-1456,JAFF-0264,Hongusan,Aichi,JP-AI,Provincial Park,7,本宮山県立自然公園,34.908319,137.421003
JA-1453,JAFF-0265,Minami Chita,Aichi,JP-AI,Provincial Park,7,南知多県立自然公園,34.747758,136.900089
JA-1452,JAFF-0266,Atsumi Hanto,Aichi,JP-AI,Provincial Park,12,渥美半島県立自然公園,34.607117,137.096658
JA-1471,JAFF-0267,Suigo,Mie,JP-ME,Provincial Park,2,水郷県立自然公園,35.130396,136.668338
JA-1472,JAFF-0268,Ise no Umi,Mie,JP-ME,Provincial Park,0,伊勢の海県立自然公園,34.708206,136.523397
JA-1473,JAFF-0269,Akame Ichishikyo,Mie,JP-ME,Provincial Park,16,赤目一志峡県立自然公園,34.560796,136.268463
JA-1474,JAFF-0270,Kahadakyo,Mie,JP-ME,Provincial Park,21,香肌峡県立自然公園,34.378764,136.210301
JA-1475,JAFF-0271,Okuise Miyagawakyo,Mie,JP-ME,Provincial Park,47,奥伊勢宮川峡県立自然公園,34.286389,136.195833
JA-1494,JAFF-0272,Kasagiyama,Kyoto,JP-KY,Provincial Park,0,笠置山府立自然公園,34.753387,135.94151
JA-1492,JAFF-0273,Rurikei,Kyoto,JP-KY,Provincial Park,0,るり渓府立自然公園,35.032097,135.402607
JA-1493,JAFF-0274,Hozukyo,Kyoto,JP-KY,Provincial Park,0,保津峡府立自然公園,35.022912,135.639038
JA-1483,JAFF-0275,Mikami Tanakami Shigaraki,Shiga,JP-SH,Provincial Park,14,三上・田上・信楽県立自然公園,35.05048,136.036528
JA-1484,JAFF-0276,Kutsuki Katsuragawa,Shiga,JP-SH,Provincial Park,13,朽木・葛川県立自然公園,35.246552,135.86667
JA-1485,JAFF-0277,Koto,Shiga,JP-SH,Provincial Park,3,湖東県立自然公園,35.234421,136.300219
JA-1555,JAFF-0278,Tsukigase Konosan,Nara,JP-NR,Provincial Park,0,月ヶ瀬神野山県立自然公園,34.669647,135.998262
JA-1554,JAFF-0279,Yata,Nara,JP-NR,Provincial Park,0,矢田県立自然公園,34.662661,135.736746
JA-1556,JAFF-0280,Yoshinogawa Tsuburo,Nara,JP-NR,Provincial Park,2,吉野川津風呂県立自然公園,34.399373,135.891022
JA-1507,JAFF-0281,Hokusetsu,Osaka,JP-OS,Provincial Park,0,北摂府立自然公園,34.9326,135.624183
JA-1508,JAFF-0282,Hannan Misaki,Osaka,JP-OS,Provincial Park,2,阪南・岬府立自然公園,34.306761,135.223224
JA-1567,JAFF-0283,Koyasan Choishimichi Tamag,Wakayama,JP-WK,Provincial Park,0,高野山町石道玉川峡県立自然公園,34.257447,135.651429
JA-1568,JAFF-0284,Ryumonzan,Wakayama,JP-WK,Provincial Park,0,龍門山県立自然公園,34.248221,135.412587
JA-1569,JAFF-0285,Oishi Kogen,Wakayama,JP-WK,Provincial Park,0,生石高原県立自然公園,34.10646,135.326865
JA-1570,JAFF-0286,Nishi Arita,Wakayama,JP-WK,Provincial Park,2,西有田県立自然公園,34.049744,135.148135
JA-1571,JAFF-0287,Shirasaki Kaigan,Wakayama,JP-WK,Provincial Park,1,白崎海岸県立自然公園,33.97695,135.068493
JA-1572,JAFF-0288,Enju Kaigan,Wakayama,JP-WK,Provincial Park,3,煙樹海岸県立自然公園,33.89025,135.128565
JA-1573,JAFF-0289,Jogamori Hokosai,Wakayama,JP-WK,Provincial Park,3,城ヶ森鉾尖県立自然公園,34.036257,135.508178
JA-1574,JAFF-0290,Hatenashi Sanmyaku,Wakayama,JP-WK,Provincial Park,0,果無山脈県立自然公園,33.902612,135.688979
JA-1862,JAFF-0291,Otosan,Wakayama,JP-WK,Provincial Park,3,大塔山県立自然公園,33.72716894,135.7138347
JA-1576,JAFF-0292,Shiramisan Wadagawakyo,Wakayama,JP-WK,Provincial Park,0,白見山和田川峡県立自然公園,33.759551,135.878177
JA-1577,JAFF-0293,Kozagawa,Wakayama,JP-WK,Provincial Park,6,古座川県立自然公園,33.545265,135.720932
JA-1528,JAFF-0294,Takirenzan,Hyogo,JP-HG,Provincial Park,8,多紀連山県立自然公園,35.123769,135.241551
JA-1529,JAFF-0295,Inagawa Keikoku,Hyogo,JP-HG,Provincial Park,9,猪名川渓谷県立自然公園,35.009984,135.312398
JA-1530,JAFF-0296,Kiyomizu Tojoko Tachikui,Hyogo,JP-HG,Provincial Park,7,清水東条湖立杭県立自然公園,34.927229,135.067648
JA-1531,JAFF-0297,Asago Gunzan,Hyogo,JP-HG,Provincial Park,14,朝来群山県立自然公園,35.233806,134.879556
JA-1534,JAFF-0298,Seiban Kyuryo,Hyogo,JP-HG,Provincial Park,3,西播丘陵県立自然公園,34.89196,134.656569
JA-1535,JAFF-0299,Izushi Itoi,Hyogo,JP-HG,Provincial Park,7,出石糸井県立自然公園,35.398611,134.910083
JA-1536,JAFF-0300,Harima Chubu Kyuryo,Hyogo,JP-HG,Provincial Park,5,播磨中部丘陵県立自然公園,34.840278,134.896472
JA-1537,JAFF-0301,Seppiko Mineyama,Hyogo,JP-HG,Provincial Park,9,雪彦峰山県立自然公園,35.15318,134.690309
JA-1538,JAFF-0302,Kasagatayama Sengamine,Hyogo,JP-HG,Provincial Park,6,笠形山千ヶ峰県立自然公園,35.063601,134.835368
JA-1533,JAFF-0303,Tajima Sangaku,Hyogo,JP-HG,Provincial Park,22,但馬山岳県立自然公園,35.536667,134.628611
JA-1532,JAFF-0304,Onzui Chikusa,Hyogo,JP-HG,Provincial Park,3,音水ちくさ県立自然公園,35.239727,134.517385
JA-1373,JAFF-0305,Iozen,Toyama,JP-TY,Provincial Park,3,医王山県立自然公園（富山県）,36.536389,136.814444
JA-1369,JAFF-0306,Asahi,Toyama,JP-TY,Provincial Park,10,朝日県立自然公園,36.856111,137.675
JA-1370,JAFF-0307,Arimine,Toyama,JP-TY,Provincial Park,11,有峰県立自然公園,36.491667,137.46
JA-1371,JAFF-0308,Gokayama,Toyama,JP-TY,Provincial Park,3,五箇山県立自然公園,36.413333,136.88
JA-1372,JAFF-0309,Shiraki Mizunashi,Toyama,JP-TY,Provincial Park,11,白木水無県立自然公園,36.335611,137.003632
JA-1374,JAFF-0310,Sogatake,Toyama,JP-TY,Provincial Park,2,僧ヶ岳県立自然公園,36.761667,137.563611
JA-1405,JAFF-0311,Okuetsu Kogen,Fukui,JP-FI,Provincial Park,25,奥越高原県立自然公園,36.003524,136.59627
JA-1386,JAFF-0312,Hakusan Ichirino,Ishikawa,JP-IS,Provincial Park,1,白山一里野県立自然公園,36.228684,136.766233
JA-1383,JAFF-0313,Yamanaka Dainichisan,Ishikawa,JP-IS,Provincial Park,1,山中・大日山県立自然公園,36.200242,136.418531
JA-1384,JAFF-0314,Shishiku Tedori,Ishikawa,JP-IS,Provincial Park,4,獅子吼・手取県立自然公園,36.445913,136.647859
JA-1385,JAFF-0315,Goishigamine,Ishikawa,JP-IS,Provincial Park,2,碁石ケ峰県立自然公園,36.920462,136.891056
JA-1387,JAFF-0316,Iozen,Ishikawa,JP-IS,Provincial Park,3,医王山県立自然公園（石川県）,36.537214,136.800465
JA-1603,JAFF-0317,Takahashigawa Joryu,Okayama,JP-OY,Provincial Park,13,高梁川上流県立自然公園,34.972439,133.583564
JA-1605,JAFF-0318,Yubara Okutsu,Okayama,JP-OY,Provincial Park,13,湯原奥津県立自然公園,35.207858,133.731778
JA-1604,JAFF-0319,Kibi Shiseki,Okayama,JP-OY,Provincial Park,0,吉備史跡県立自然公園,34.728532,133.766012
JA-1606,JAFF-0320,Kibiji Fudoki no Oka,Okayama,JP-OY,Provincial Park,0,吉備路風土記の丘県立自然公園,34.668211,133.78169
JA-1607,JAFF-0321,Bisaku Sanchi,Okayama,JP-OY,Provincial Park,7,備作山地県立自然公園,35.121956,133.537099
JA-1608,JAFF-0322,Kibi Seiryu,Okayama,JP-OY,Provincial Park,3,吉備清流県立自然公園,34.863481,133.90429
JA-1609,JAFF-0323,Yoshiigawa Churyu,Okayama,JP-OY,Provincial Park,3,吉井川中流県立自然公園,34.932036,134.21193
JA-1595,JAFF-0324,Dangyokei Kannondaki,Shimane,JP-SM,Provincial Park,0,断魚渓・観音滝県立自然公園,34.930209,132.472101
JA-1593,JAFF-0325,Ryuzu Yaedaki,Shimane,JP-SM,Provincial Park,0,竜頭八重滝県立自然公園,35.155789,132.808569
JA-1599,JAFF-0326,Aonoyama,Shimane,JP-SM,Provincial Park,0,青野山県立自然公園,34.464612,131.800165
JA-1597,JAFF-0327,Hamada Kaigan,Shimane,JP-SM,Provincial Park,0,浜田海岸県立自然公園,34.947259,132.108569
JA-1589,JAFF-0328,Kiyomizu Gassan,Shimane,JP-SM,Provincial Park,0,清水月山県立自然公園,35.361208,133.184697
JA-1591,JAFF-0329,Shinjiko Kitayama,Shimane,JP-SM,Provincial Park,7,宍道湖北山県立自然公園,35.446196,132.867271
JA-1590,JAFF-0330,Oni no Shitaburui,Shimane,JP-SM,Provincial Park,0,鬼の舌震県立自然公園,35.174912,133.018378
JA-1592,JAFF-0331,Tachikuekyo,Shimane,JP-SM,Provincial Park,0,立久恵峡県立自然公園,35.295465,132.735208
JA-1594,JAFF-0332,Gokawa Suikei,Shimane,JP-SM,Provincial Park,1,江川水系県立自然公園,35.040947,132.599539
JA-1598,JAFF-0333,Banryuko,Shimane,JP-SM,Provincial Park,0,蟠竜湖県立自然公園,34.68059,131.807412
JA-1596,JAFF-0334,Senjokei,Shimane,JP-SM,Provincial Park,0,千丈渓県立自然公園,34.920834,132.342201
JA-1629,JAFF-0335,Toyota,Yamaguchi,JP-YC,Provincial Park,2,豊田県立自然公園,34.176747,131.043628
JA-1626,JAFF-0336,Chomonkyo,Yamaguchi,JP-YC,Provincial Park,5,長門峡県立自然公園,34.317717,131.569004
JA-1628,JAFF-0337,Iwakisan,Yamaguchi,JP-YC,Provincial Park,2,石城山県立自然公園,33.987194,132.037797
JA-1627,JAFF-0338,Rakanzan,Yamaguchi,JP-YC,Provincial Park,3,羅漢山県立自然公園,34.350414,132.052452
JA-1583,JAFF-0339,Nishi Inaba,Tottori,JP-TT,Provincial Park,0,西因幡県立自然公園,35.034182,134.007304
JA-1581,JAFF-0340,Misasa Togoko,Tottori,JP-TT,Provincial Park,15,三朝東郷湖県立自然公園,35.465438,133.891493
JA-1582,JAFF-0341,Okuhino,Tottori,JP-TT,Provincial Park,4,奥日野県立自然公園,35.203698,133.314256
JA-1614,JAFF-0342,Nabarakyo,Hiroshima,JP-HS,Provincial Park,0,南原峡県立自然公園,34.564281,132.513305
JA-1615,JAFF-0343,Yamanokyo,Hiroshima,JP-HS,Provincial Park,0,山野峡県立自然公園,34.698061,133.367608
JA-1618,JAFF-0344,Buttsuji Mitsugi Hachimangu,Hiroshima,JP-HS,Provincial Park,1,仏通寺御調八幡宮県立自然公園,34.465253,133.02049
JA-1617,JAFF-0345,Chikurinji Yokurayama,Hiroshima,JP-HS,Provincial Park,0,竹林寺用倉山県立自然公園,34.459147,132.874766
JA-1616,JAFF-0346,Mikuradake,Hiroshima,JP-HS,Provincial Park,0,三倉岳県立自然公園,34.309203,132.157521
JA-1619,JAFF-0347,kannosekyo,Hiroshima,JP-HS,Provincial Park,2,神之瀬峡県立自然公園,34.997058,132.801758
JA-1647,JAFF-0348,Otaki Okawa,Kagawa,JP-KG,Provincial Park,0,大滝大川県立自然公園,34.121922,134.1057
JA-1635,JAFF-0349,Hashikura,Tokushima,JP-TS,Provincial Park,0,箸蔵県立自然公園,34.049012,133.841771
JA-1636,JAFF-0350,Dochu Kotsu,Tokushima,JP-TS,Provincial Park,0,土柱高越県立自然公園,34.092019,134.206229
JA-1638,JAFF-0351,Okuimiyagawauchidani,Tokushima,JP-TS,Provincial Park,1,奥宮川内谷県立自然公園,34.147874,134.354232
JA-1637,JAFF-0352,Oasayama,Tokushima,JP-TS,Provincial Park,1,大麻山県立自然公園,34.186053,134.499874
JA-1639,JAFF-0353,Higashisankei,Tokushima,JP-TS,Provincial Park,3,東山渓県立自然公園,33.962747,134.51101
JA-1640,JAFF-0354,Chubusankei,Tokushima,JP-TS,Provincial Park,2,中部山渓県立自然公園,33.904198,134.341626
JA-1658,JAFF-0355,Hijikawa,Ehime,JP-EH,Provincial Park,0,肱川県立自然公園,33.453026,132.685638
JA-1654,JAFF-0356,Kinshako,Ehime,JP-EH,Provincial Park,0,金砂湖県立自然公園,33.934186,133.53028
JA-1655,JAFF-0357,Okudogo Tamagawa,Ehime,JP-EH,Provincial Park,5,奥道後玉川県立自然公園,33.933262,132.923103
JA-1657,JAFF-0358,Shikoku Karst,Ehime,JP-EH,Provincial Park,2,四国カルスト県立自然公園（愛媛県）,33.481997,132.967987
JA-1660,JAFF-0359,Sasayama,Ehime,JP-EH,Provincial Park,0,篠山県立自然公園,33.055615,132.658193
JA-1659,JAFF-0360,Sadamisakihanto Uwakai,Ehime,JP-EH,Provincial Park,6,佐田岬半島宇和海県立自然公園,33.389104,132.084053
JA-1656,JAFF-0361,Saragamine Renpo,Ehime,JP-EH,Provincial Park,1,皿ヶ嶺連峰県立自然公園,33.717102,132.894721
JA-1664,JAFF-0362,Teisumiyoshi,Kochi,JP-KC,Provincial Park,0,手結住吉県立自然公園,33.520709,133.755356
JA-1665,JAFF-0363,Okumonobe,Kochi,JP-KC,Provincial Park,11,奥物部県立自然公園,33.76355,134.030515
JA-1666,JAFF-0364,Shiragayama,Kochi,JP-KC,Provincial Park,0,白髪山県立自然公園,33.806558,133.698197
JA-1667,JAFF-0365,Yokogurayama,Kochi,JP-KC,Provincial Park,0,横倉山県立自然公園,33.534795,133.203149
JA-1668,JAFF-0366,Yokonami,Kochi,JP-KC,Provincial Park,1,横浪県立自然公園,33.412165,133.427569
JA-1669,JAFF-0367,Irino,Kochi,JP-KC,Provincial Park,0,入野県立自然公園,33.020106,133.013752
JA-1670,JAFF-0368,Sukumo,Kochi,JP-KC,Provincial Park,0,宿毛県立自然公園,32.918112,132.688202
JA-1671,JAFF-0369,Ryugado,Kochi,JP-KC,Provincial Park,0,龍河洞県立自然公園,33.603401,133.745006
JA-1672,JAFF-0370,Nakatsu Keikoku,Kochi,JP-KC,Provincial Park,1,中津渓谷龍河洞県立自然公園,33.56446,133.109847
JA-1673,JAFF-0371,Susakiwan,Kochi,JP-KC,Provincial Park,3,須崎湾県立自然公園,33.367011,133.25923
JA-1674,JAFF-0372,Okitsu,Kochi,JP-KC,Provincial Park,2,興津県立自然公園,33.154796,133.222684
JA-1675,JAFF-0373,Yasui Keikoku,Kochi,JP-KC,Provincial Park,1,安居渓谷県立自然公園,33.668885,133.191324
JA-1676,JAFF-0374,Shikoku Karst,Kochi,JP-KC,Provincial Park,2,四国カルスト県立自然公園（高知県）,33.445575,133.031616
JA-1677,JAFF-0375,Kitayama,Kochi,JP-KC,Provincial Park,2,北山県立自然公園,33.600684,133.486021
JA-1678,JAFF-0376,Yanase,Kochi,JP-KC,Provincial Park,1,魚梁瀬県立自然公園,33.613709,134.098403
JA-1679,JAFF-0377,Kajigamori,Kochi,JP-KC,Provincial Park,1,梶ヶ森県立自然公園,33.758376,133.756981
JA-1680,JAFF-0378,Washioyama,Kochi,JP-KC,Provincial Park,1,鷲尾山県立自然公園,33.529111,133.51338
JA-1681,JAFF-0379,Kuishiyama Jingamori,Kochi,JP-KC,Provincial Park,2,工石山陣ヶ森県立自然公園,33.686749,133.440539
JA-1694,JAFF-0380,Dazaifu,Fukuoka,JP-FO,Provincial Park,13,大宰府県立自然公園,33.552611,130.599433
JA-1695,JAFF-0381,Chikuho,Fukuoka,JP-FO,Provincial Park,3,筑豊県立自然公園,33.70399,130.911482
JA-1696,JAFF-0382,Chikugogawa,Fukuoka,JP-FO,Provincial Park,8,筑後川県立自然公園,33.3517,130.789648
JA-1697,JAFF-0383,Yabegawa,Fukuoka,JP-FO,Provincial Park,17,矢部川県立自然公園,33.175729,130.770317
JA-1698,JAFF-0384,Sefuriraizan,Fukuoka,JP-FO,Provincial Park,7,脊振雷山県立自然公園,33.434379,130.388936
JA-1713,JAFF-0385,Kawakami Kinryu,Saga,JP-SG,Provincial Park,3,川上・金立県立自然公園,33.349783,130.298808
JA-1708,JAFF-0386,Kurokamiyama,Saga,JP-SG,Provincial Park,1,黒髪山県立自然公園,33.222228,129.908606
JA-1709,JAFF-0387,Taradake,Saga,JP-SG,Provincial Park,7,多良岳県立自然公園（佐賀県）,32.998346,130.091915
JA-1712,JAFF-0388,Sefuri Hokusan,Saga,JP-SG,Provincial Park,7,脊振・北山県立自然公園,33.432061,130.250942
JA-1710,JAFF-0389,Tenzan,Saga,JP-SG,Provincial Park,4,天山県立自然公園,33.345954,130.134982
JA-1711,JAFF-0390,Hachimandake,Saga,JP-SG,Provincial Park,0,八幡岳県立自然公園,33.282284,130.027261
JA-1717,JAFF-0391,Taradake,Nagasaki,JP-NS,Provincial Park,7,多良岳県立公園（長崎県）,32.948128,130.087791
JA-1718,JAFF-0392,Nomo Hanto,Nagasaki,JP-NS,Provincial Park,3,野母半島県立公園,32.567938,129.786401
JA-1719,JAFF-0393,Hokusho,Nagasaki,JP-NS,Provincial Park,0,北松県立自然公園,33.306656,129.66397
JA-1720,JAFF-0394,Omurawan,Nagasaki,JP-NS,Provincial Park,0,大村湾県立自然公園,33.049828,129.831963
JA-1721,JAFF-0395,Nishisonogi Hanto,Nagasaki,JP-NS,Provincial Park,0,西彼杵半島県立自然公園,32.884093,129.710784
JA-1722,JAFF-0396,Shimabara Hanto,Nagasaki,JP-NS,Provincial Park,0,島原半島県立自然公園,32.685321,130.131116
JA-1729,JAFF-0397,Shotaizan,Kumamoto,JP-KM,Provincial Park,4,小岱山県立自然公園,32.978761,130.514488
JA-1728,JAFF-0398,Kinbozan,Kumamoto,JP-KM,Provincial Park,6,金峰山県立自然公園,32.816668,130.64264
JA-1732,JAFF-0399,Yabe Shuhen,Kumamoto,JP-KM,Provincial Park,14,矢部周辺県立自然公園,32.681845,130.993569
JA-1730,JAFF-0400,Misumi Oyano Kaihen,Kumamoto,JP-KM,Provincial Park,7,三角大矢野海辺県立自然公園,32.607001,130.47036
JA-1731,JAFF-0401,Ashikita Kaigan,Kumamoto,JP-KM,Provincial Park,9,芦北海岸県立自然公園,32.294002,130.465409
JA-1734,JAFF-0402,Okukuma,Kumamoto,JP-KM,Provincial Park,12,奥球磨県立自然公園,32.317214,131.095355
JA-1733,JAFF-0403,Itsuki Gokanosho,Kumamoto,JP-KM,Provincial Park,28,五木五家荘県立自然公園,32.538573,130.939034
JA-1741,JAFF-0404,Kunisaki Hanto,Oita,JP-OT,Provincial Park,11,国東半島県立自然公園,33.564323,131.568855
JA-1742,JAFF-0405,Bungo Suido,Oita,JP-OT,Provincial Park,2,豊後水道県立自然公園,33.169046,131.987435
JA-1743,JAFF-0406,Jinkakuji Serikawa,Oita,JP-OT,Provincial Park,9,神角寺芹川県立自然公園,33.054275,131.456229
JA-1744,JAFF-0407,Tsue Sankei,Oita,JP-OT,Provincial Park,15,津江山系県立自然公園,33.129939,130.880433
JA-1745,JAFF-0408,Sobo Katamuki,Oita,JP-OT,Provincial Park,9,祖母傾県立自然公園（大分県）,32.897143,131.605264
JA-1754,JAFF-0409,Yatake Kogen,Miyazaki,JP-MZ,Provincial Park,0,矢岳高原県立自然公園,32.085267,130.773934
JA-1750,JAFF-0410,Osuzu,Miyazaki,JP-MZ,Provincial Park,12,尾鈴県立自然公園,32.28778,131.46456
JA-1751,JAFF-0411,Saitobaru Sugiyasukyo,Miyazaki,JP-MZ,Provincial Park,0,西都原杉安峡県立自然公園,32.153423,131.364938
JA-1752,JAFF-0412,Mochio Sekinoo,Miyazaki,JP-MZ,Provincial Park,0,母智丘・関之尾県立自然公園,31.762019,130.987481
JA-1753,JAFF-0413,Wanitsuka,Miyazaki,JP-MZ,Provincial Park,2,わにつか県立自然公園,31.769058,131.38092
JA-1749,JAFF-0414,Sobo Katamuki,Miyazaki,JP-MZ,Provincial Park,17,祖母傾県立自然公園（宮崎県）,32.744499,131.429729
JA-1760,JAFF-0415,Akune,Kagoshima,JP-KS,Provincial Park,0,阿久根県立自然公園,32.105418,130.175717
JA-1762,JAFF-0416,Imutaike,Kagoshima,JP-KS,Provincial Park,3,藺牟田池県立自然公園,31.817374,130.473639
JA-1761,JAFF-0417,Fukiagehama,Kagoshima,JP-KS,Provincial Park,2,吹上浜県立自然公園,31.520987,130.325948
JA-1763,JAFF-0418,Bonoma,Kagoshima,JP-KS,Provincial Park,9,坊野間県立自然公園,31.421688,130.122706
JA-1764,JAFF-0419,Sendaigawa Ryuiki,Kagoshima,JP-KS,Provincial Park,4,川内川流域県立自然公園,31.946741,130.463344
JA-1766,JAFF-0420,Osumi Nanbu,Kagoshima,JP-KS,Provincial Park,0,大隅南部県立自然公園,31.091486,130.827127
JA-1765,JAFF-0421,Takakumayama,Kagoshima,JP-KS,Provincial Park,2,高隈山県立自然公園,31.447429,130.810193
JA-1767,JAFF-0422,Tokara Retto,Kagoshima,JP-KS,Provincial Park,1,トカラ列島県立自然公園,29.859209,129.857895
JA-1777,JAFF-0423,Kumejima,Okinawa,JP-ON,Provincial Park,10,久米島県立自然公園,26.388914,126.769115
JA-1778,JAFF-0424,Irabu,Okinawa,JP-ON,Provincial Park,5,伊良部県立自然公園,24.834407,125.185447
JA-1779,JAFF-0425,Tonaki,Okinawa,JP-ON,Provincial Park,1,渡名喜県立自然公園,26.362805,127.149559
JA-1780,JAFF-0426,Tarama,Okinawa,JP-ON,Provincial Park,2,多良間県立自然公園,24.663701,124.695638
JA-1575,JAFF-0427,Hikigawa,Wakayama,JP-WK,Provincial Park,3,日置川県立自然公園,33.736124,135.573209
JA-1648,,Mannoike,Kagawa,JP-KG,Provincial Park,0,満濃池森林公園,34.156512,133.866252
JA-1509,,Hattori Ryokuchi,Osaka,JP-OS,Provincial Park,0,服部緑地,34.776272,135.486788
JA-1506,,Tamba,Kyoto,JP-KY,Provincial Park,0,京都府立丹波自然運動公園,35.165375,135.416032
JA-1501,,Yamashiro Sogo Undo,Kyoto,JP-KY,Provincial Park,0,京都府立山城総合運動公園,34.872609,135.802469
JA-1827,,Keihinjima Greenway,Tokyo,JP-TK,Provincial Park,0,京浜島緑道公園,35.56521387,139.765488
JA-1818,,Keihinjima Port Park,Tokyo,JP-TK,Provincial Park,0,京浜島ふ頭公園,35.57181069,139.7603299
JA-1821,,Keihinjima Tsubasa Park,Tokyo,JP-TK,Provincial Park,0,京浜島つばさ公園,35.57006917,139.7697649
JA-1823,,Keihin Canalside Greenway,Tokyo,JP-TK,Provincial Park,0,京浜運河緑道公園,35.59723504,139.7489227
JA-1201,,Tateyama Sports,Chiba,JP-CH,Provincial Park,0,館山運動公園,34.961054,139.852742
JA-1343,,Iida Undo,Nagano,JP-NN,Provincial Park,0,飯田運動公園,35.485691,137.799657
JA-1252,,Meiji,Tokyo,JP-TK,Provincial Park,0,都立明治公園,35.676195,139.713593
JA-1832,,Habushiura Park,Tokyo,JP-TK,Provincial Park,0,羽伏浦公園,34.37819298,139.272906
JA-1169,,Hanyu Suigo,Saitama,JP-ST,Provincial Park,0,羽生水郷公園,36.171581,139.595344
JA-1190,,Hagoromo,Chiba,JP-CH,Provincial Park,0,羽衣公園,35.603741,140.122821
JA-1871,,Showa-no-mori,Fukushima,JP-FS,Provincial Park,0,福島県昭和の森,37.575202,140.069788
JA-1101,,Fukushima Airport,Fukushima,JP-FS,Provincial Park,0,福島空港公園,37.24671,140.419698
JA-1410,,Fukui Toshi Ryokka Shokubut,Fukui,JP-FI,Provincial Park,0,福井都市緑化植物園,36.106086,136.304778
JA-1415,,Fukui Sogo,Fukui,JP-FI,Provincial Park,0,福井総合公園,36.189636,136.13306
JA-1417,,Fukui Joshi,Fukui,JP-FI,Provincial Park,0,福井城址公園,36.06553,136.220919
JA-1407,,Fukui Shonen Undo,Fukui,JP-FI,Provincial Park,0,福井少年運動公園,36.052045,136.186839
JA-1309,,Hadano Tokawa,Kanagawa,JP-KN,Provincial Park,0,神奈川県立秦野戸川公園,35.402999,139.17304
JA-1317,,Mitsuike,Kanagawa,JP-KN,Provincial Park,0,神奈川県立三ツ池公園,35.522563,139.660935
JA-1310,,Chigasaki Satoyama,Kanagawa,JP-KN,Provincial Park,0,神奈川県立茅ケ崎里山公園,35.373072,139.418256
JA-1308,,Aikawa,Kanagawa,JP-KN,Provincial Park,0,神奈川県立あいかわ公園,35.542174,139.256338
JA-1643,,Kamiyama Shinrin,Tokushima,JP-TS,Provincial Park,0,神山森林公園,34.022469,134.422673
JA-1303,,Tsukayama,Kanagawa,JP-KN,Provincial Park,0,塚山公園,35.280009,139.641396
JA-1516,,Tonboike,Osaka,JP-OS,Provincial Park,0,蜻蛉池公園,34.430056,135.425521
JA-1257,,Roka Koshunen,Tokyo,JP-TK,Provincial Park,0,蘆花恒春園,35.661693,139.612643
JA-1872,,Chirahama Bosai Ryokuchi,Fukushima,JP-FS,Provincial Park,0,埓浜防災緑地,37.887108,140.931522
JA-1115,,Kairakuen,Ibaraki,JP-IB,Provincial Park,0,偕楽園,36.372509,140.45218
JA-1258,,Wadabori,Tokyo,JP-TK,Provincial Park,0,和田堀公園,35.684486,139.64081
JA-1165,,Wako Jurin,Saitama,JP-ST,Provincial Park,0,和光樹林公園,35.777278,139.598604
JA-1580,,Waka,Wakayama,JP-WK,Provincial Park,0,和歌公園,34.181286,135.17363
JA-1287,,Rokusen,Tokyo,JP-TK,Provincial Park,0,六仙公園,35.750268,139.522748
JA-1218,,Rikugi-en Gardens,Tokyo,JP-TK,Provincial Park,0,六義園,35.733214,139.745837
JA-1199,,Hasunuma Seaside,Chiba,JP-CH,Provincial Park,0,蓮沼海浜公園,35.588652,140.501949
JA-1477,,Suzuka Seishonen no Mori,Mie,JP-ME,Provincial Park,0,鈴鹿青少年の森,34.853332,136.538894
JA-1408,,Rinkai Chuo,Fukui,JP-FI,Provincial Park,0,臨海中央公園,36.167752,136.111752
JA-1256,,Rinshinomori,Tokyo,JP-TK,Provincial Park,0,林試の森公園,35.624866,139.702988
JA-1286,,Ryonan,Tokyo,JP-TK,Provincial Park,0,陵南公園,35.648851,139.288257
JA-1496,,Arashiyama Higashi,Kyoto,JP-KY,Provincial Park,0,嵐山東公園,35.009943,135.686442
JA-1495,,Arashiyama,Kyoto,JP-KY,Provincial Park,0,嵐山公園,35.014618,135.671336
JA-1499,,Rakusai Joka Center,Kyoto,JP-KY,Provincial Park,0,洛西浄化センター公園,34.907858,135.70756
JA-0210,,Yodogawa Riverside,Kyoto,JP-KY,National Recreati,0,淀川河川公園,34.744574,135.557613
JA-0210,,Yodogawa Riverside,Osaka,JP-OS,National Recreati,0,淀川河川公園,34.744574,135.557613
JA-1433,,Yoro,Gifu,JP-GF,Provincial Park,0,養老公園,35.282326,136.549454
JA-1295,,Hayama,Kanagawa,JP-KN,Provincial Park,0,葉山公園,35.25832,139.579789
JA-1866,,Yugaku-no-mori,Yamagata,JP-YT,Provincial Park,0,遊学の森,38.912691,140.375909
JA-1801,,Ariake Kita Greenway,Tokyo,JP-TK,Provincial Park,0,有明北緑道公園,35.63777813,139.7795739
JA-1800,,Ariake Nishi Port Park,Tokyo,JP-TK,Provincial Park,0,有明西ふ頭公園,35.62711355,139.794356
JA-1802,,Ariake Tennis Park,Tokyo,JP-TK,Provincial Park,0,有明テニスの森公園,35.63535328,139.7883139
JA-1540,,Arima Fuji,Hyogo,JP-HG,Provincial Park,0,有馬富士公園,34.913361,135.224111
JA-1084,,Yuso no Oka,Yamagata,JP-YT,Provincial Park,0,悠創の丘,38.215185,140.349067
JA-1470,,Aburagafuchi Waterside,Aichi,JP-AI,Provincial Park,0,油ヶ淵水辺公園,34.906703,137.0085
JA-1055,,Yamoto Kaihin Ryokuchi,Miyagi,JP-MG,Provincial Park,0,矢本海浜緑地,38.405263,141.238247
JA-1273,,Nogawa,Tokyo,JP-TK,Provincial Park,0,野川公園,35.683153,139.524592
JA-1686,,Noichi Sogo,Kochi,JP-KC,Provincial Park,0,野市総合公園,33.570414,133.705737
JA-1274,,Noyamakita Rokudoyama,Tokyo,JP-TK,Provincial Park,0,野山北・六道山公園,35.764268,139.378157
JA-1504,,Kizugawa Undo,Kyoto,JP-KY,Provincial Park,0,木津川運動公園,34.844417,135.796787
JA-1464,,Kisogawa Sobue Ryokuchi,Aichi,JP-AI,Provincial Park,0,木曽川祖父江緑地,35.260611,136.705889
JA-1230,,Kiba,Tokyo,JP-TK,Provincial Park,0,木場公園,35.674455,139.808856
JA-1389,,Kibagata,Ishikawa,JP-IS,Provincial Park,0,木場潟公園,36.367056,136.449695
JA-1645,,Naruto Sogo Undo,Tokushima,JP-TS,Provincial Park,0,鳴門総合運動公園,34.167822,134.616528
JA-1543,,Akashi Nishi,Hyogo,JP-HG,Provincial Park,0,明石西公園,34.66175,134.982528
JA-1542,,Akashi,Hyogo,JP-HG,Provincial Park,0,明石公園,34.656703,134.993906
JA-1700,,Najima Undo,Fukuoka,JP-FO,Provincial Park,0,名島運動公園,33.644581,130.425323
JA-1783,,Nago Chuo,Okinawa,JP-ON,Provincial Park,0,名護中央公園,26.587765,127.991755
JA-1809,,Yumenoshima Greenway,Tokyo,JP-TK,Provincial Park,0,夢の島緑道公園,35.64765534,139.8309725
JA-1253,,Yumenoshima,Tokyo,JP-TK,Provincial Park,0,夢の島公園,35.651054,139.827402
JA-1519,,Mino,Osaka,JP-OS,Provincial Park,0,箕面公園,34.84703,135.47234
JA-1886,,Expo '70 Commemorative Park,Osaka,JP-OS,Provincial Park,0,万博記念公園,34.8111783,135.5304615
JA-1738,,Mannichiyama Ryokuchi,Kumamoto,JP-KM,Provincial Park,0,万日山緑地公園,32.791008,130.682073
JA-1193,,Makuhari Seaside,Chiba,JP-CH,Provincial Park,0,幕張海浜公園,35.64457,140.042732
JA-1511,,Hiraoka,Osaka,JP-OS,Provincial Park,0,枚岡公園,34.673995,135.654512
JA-1737,,Honmyojiyama Ryokuchi,Kumamoto,JP-KM,Provincial Park,0,本妙寺山緑地公園,32.822074,130.675576
JA-1399,,Honda no Mori,Ishikawa,JP-IS,Provincial Park,0,本多の森公園,36.559168,136.662261
JA-1126,,Horihara Sports,Ibaraki,JP-IB,Provincial Park,0,堀原運動公園,36.398383,140.439563
JA-1467,,Makinogaike Greens,Aichi,JP-AI,Provincial Park,0,牧野ヶ池緑地,35.145058,137.013956
JA-1176,,Kitamoto Shizen Kansatsu,Saitama,JP-ST,Provincial Park,0,北本自然観察公園,36.010842,139.509297
JA-1392,,Hokubu,Ishikawa,JP-IS,Provincial Park,0,北部公園,36.627249,136.693238
JA-1198,,Hokuso Hananooka,Chiba,JP-CH,Provincial Park,0,北総花の丘公園,35.789005,140.123578
JA-1476,,Hokusei Central,Mie,JP-ME,Provincial Park,0,北勢中央公園,35.064992,136.545658
JA-1775,,Hokusatsu Koiki,Kagoshima,JP-KS,Provincial Park,0,北薩広域公園,31.902808,130.437968
JA-1014,,Hokkaido kodomo no kuni ,Hokkaido,JP-HK,Provincial Park,0,北海道子どもの国,43.524034,141.939558
JA-1068,,Hokuo no Mori,Akita,JP-AK,Provincial Park,0,北欧の杜公園,40.164472,140.367056
JA-1155,,Kitaurawa,Saitama,JP-ST,Provincial Park,0,北浦和公園,35.869862,139.64383
JA-1878,,Toyoma Bosai Ryokuchi,Fukushima,JP-FS,Provincial Park,0,豊間防災緑地,36.986307,140.968765
JA-1304,,Hodogaya,Kanagawa,JP-KN,Provincial Park,0,保土谷公園,35.454534,139.585499
JA-1632,,Katazoegahama Kaihin,Yamaguchi,JP-YC,Provincial Park,0,片添ヶ浜海浜公園,33.897539,132.362239
JA-1755,,Heiwadai,Miyazaki,JP-MZ,Provincial Park,0,平和台公園,31.950079,131.415818
JA-1788,,Peace Memorial,Okinawa,JP-ON,Provincial Park,0,平和祈念公園,26.096217,127.723575
JA-1280,,Hirayama Joshi,Tokyo,JP-TK,Provincial Park,0,平山城址公園,35.639729,139.382918
JA-1723,,Hirado,Nagasaki,JP-NS,Provincial Park,0,平戸公園,33.358092,129.567863
JA-1642,,Bunkanomori,Tokushima,JP-TS,Provincial Park,0,文化の森総合公園,34.039653,134.527032
JA-1498,,Fushimiko,Kyoto,JP-KY,Provincial Park,0,伏見港公園,34.925029,135.758273
JA-1584,,Fumon,Tottori,JP-TT,Provincial Park,0,風紋広場,35.493894,134.227318
JA-1346,,Kazakoshi,Nagano,JP-NN,Provincial Park,0,風越公園,36.322323,138.597382
JA-1844,,Kazakoshi Park,Nagano,JP-NN,Provincial Park,0,風越公園,35.52013,137.83118
JA-1284,,Musashino Chuo,Tokyo,JP-TK,Provincial Park,0,武蔵野中央公園,35.718105,139.556267
JA-1283,,Musashino,Tokyo,JP-TK,Provincial Park,0,武蔵野公園,35.689365,139.518697
JA-1285,,Musashinonomori,Tokyo,JP-TK,Provincial Park,0,武蔵野の森公園,35.676549,139.52317
JA-1282,,Musashi Kokubunji,Tokyo,JP-TK,Provincial Park,0,武蔵国分寺公園,35.697031,139.47172
JA-1223,,Ukima,Tokyo,JP-TK,Provincial Park,0,浮間公園,35.793775,139.693438
JA-1321,,Shikishima,Gumma,JP-GM,Provincial Park,0,敷島公園,36.41417,139.051394
JA-1281,,Fuchunomori,Tokyo,JP-TK,Provincial Park,0,府中の森公園,35.676466,139.491638
JA-1202,,Futtsu,Chiba,JP-CH,Provincial Park,0,富津公園,35.31106,139.802565
JA-1333,,Fujikawa Craft,Yamanashi,JP-YN,Provincial Park,0,富士川クラフトパーク,35.418061,138.43685
JA-1445,,Mt. Fuji Children's World,Shizuoka,JP-SZ,Provincial Park,0,富士山こどもの国,35.255522,138.772131
JA-1375,,Toyama Athletic Recreation,Toyama,JP-TY,Provincial Park,0,富山県総合運動公園,36.626362,137.196928
JA-1378,,Joganjigawa,Toyama,JP-TY,Provincial Park,0,富山県常願寺川公園,36.694315,137.282313
JA-1376,,Gofuku,Toyama,JP-TY,Provincial Park,0,富山県五福公園,36.696742,137.189617
JA-1379,,Kuko Sports Ryokuchi,Toyama,JP-TY,Provincial Park,0,富山県空港スポーツ緑地,36.6467,137.189938
JA-1377,,Iwase Sports,Toyama,JP-TY,Provincial Park,0,富山県岩瀬スポーツ公園,36.742981,137.238732
JA-1380,,Fuganunga Kansui,Toyama,JP-TY,Provincial Park,0,富岩運河環水公園,36.709364,137.212317
JA-1216,,Hama-rikyu Gardens,Tokyo,JP-TK,Provincial Park,0,浜離宮恩賜庭園,35.659633,139.763407
JA-1448,,Hamanako Garden,Shizuoka,JP-SZ,Provincial Park,0,浜名湖ガーデンパーク,34.713924,137.601786
JA-1514,,Hamadera,Osaka,JP-OS,Provincial Park,0,浜寺公園,34.539328,135.438849
JA-1815,,Shinagawa Kita Port Park,Tokyo,JP-TK,Provincial Park,0,品川北ふ頭公園,35.63038628,139.7547798
JA-1727,,Hyakkadai,Nagasaki,JP-NS,Provincial Park,0,百花台公園,32.815509,130.296129
JA-1465,,Owari Koiki Ryokudo,Aichi,JP-AI,Provincial Park,0,尾張広域緑道,35.334097,136.930961
JA-1226,,Ogunohara,Tokyo,JP-TK,Provincial Park,0,尾久の原公園,35.751232,139.776269
JA-1486,,Obanagawa,Shiga,JP-SH,Provincial Park,0,尾花川公園,35.01792,135.860503
JA-1203,,Yachiyo,Chiba,JP-CH,Provincial Park,0,八千代広域公園,35.730418,140.111968
JA-1833,,Hachijo Botanical Garden,Tokyo,JP-TK,Provincial Park,0,八丈植物公園,33.11061918,139.782335
JA-1275,,Hachikokuyama Ryokuchi,Tokyo,JP-TK,Provincial Park,0,八国山緑地,35.769779,139.458728
JA-1877,,Usuiso Bosai Ryokuchi,Fukushima,JP-FS,Provincial Park,0,薄磯防災緑地,36.999864,140.978937
JA-1390,,Hakusanroku Theme Park,Ishikawa,JP-IS,Provincial Park,0,白山ろくテーマパーク,36.381248,136.612984
JA-1195,,Kashiwa no Ha,Chiba,JP-CH,Provincial Park,0,柏の葉公園,35.89569,139.937631
JA-1633,,Hagi Wellness,Yamaguchi,JP-YC,Provincial Park,0,萩ウェルネスパーク,34.386235,131.421672
JA-1558,,Umami Kyuryo,Nara,JP-NR,Provincial Park,0,馬見丘陵公園,34.562644,135.736979
JA-1551,,Harima Central,Hyogo,JP-HG,Provincial Park,0,播磨中央公園,34.93758,134.938741
JA-1391,,Noto Rekishi,Ishikawa,JP-IS,Provincial Park,0,能登歴史公園,36.95916,136.970932
JA-1459,,Atsuta Jingu,Aichi,JP-AI,Provincial Park,0,熱田神宮公園,35.130922,136.902217
JA-1250,,Hibiya,Tokyo,JP-TK,Provincial Park,0,日比谷公園,35.673128,139.755664
JA-1142,,Nikko Tamozawa Implerial Vill,Tochigi,JP-TC,Provincial Park,0,日光田母沢御用邸記念公園,36.752436,139.591142
JA-1143,,Nikko Daiyagawa,Tochigi,JP-TC,Provincial Park,0,日光だいや川公園,36.735317,139.663181
JA-1526,,Nishiki no Hama,Osaka,JP-OS,Provincial Park,0,二色の浜公園,34.436272,135.335764
JA-1663,,Nanyo Recreation Toshi,Ehime,JP-EH,Provincial Park,0,南予レクリエーション都市公園,32.964739,132.552534
JA-1646,,Nanbu Kenko Undo,Tokushima,JP-TS,Provincial Park,0,南部健康運動公園,33.865374,134.602533
JA-1342,,Minami Shinshu Koiki,Nagano,JP-NN,Provincial Park,0,南信州広域公園,35.249607,137.66952
JA-1043,,Uchimaru Ryokuchi,Iwate,JP-IW,Provincial Park,0,内丸緑地,39.702593,141.152759
JA-1140,,Nasunogahara,Tochigi,JP-TC,Provincial Park,0,那須野が原公園,36.932334,139.948542
JA-1557,,Nara Park,Nara,JP-NR,Provincial Park,0,奈良公園,34.684685,135.842658
JA-1561,,Tatsuta,Nara,JP-NR,Provincial Park,0,奈良県立竜田公園,34.602131,135.717613
JA-1562,,Yamato Minzoku,Nara,JP-NR,Provincial Park,0,奈良県立大和民俗公園,34.653694,135.752692
JA-1563,,Kashihara,Nara,JP-NR,Provincial Park,0,奈良県立橿原公苑,34.491276,135.791883
JA-1139,,Tochigi Central,Tochigi,JP-TC,Provincial Park,0,栃木県中央公園,36.558286,139.862822
JA-1136,,Tochigi Sports,Tochigi,JP-TC,Provincial Park,0,栃木県総合運動公園,36.510865,139.85929
JA-1758,,Saitobaru Burial Mounds,Miyazaki,JP-MZ,Provincial Park,0,特別史跡公園西都原古墳群,32.118664,131.390167
JA-1641,,Seishonen no Mori,Tokushima,JP-TS,Provincial Park,0,徳島県立青少年の森,33.841331,134.512369
JA-1015,,Nopporo Sports,Hokkaido,JP-HK,Provincial Park,0,道立野幌総合運動公園,43.069167,141.531111
JA-1023,,Volcano Bay Panorama,Hokkaido,JP-HK,Provincial Park,0,道立噴火湾パノラマパーク,42.226763,140.314132
JA-1022,,South Hokkaido Shiki no Mori,Hokkaido,JP-HK,Provincial Park,0,道立道南四季の杜公園,41.848906,140.76826
JA-1013,,Makomanai,Hokkaido,JP-HK,Provincial Park,0,道立真駒内公園,42.995727,141.3445
JA-1021,,Tokachi Ecology,Hokkaido,JP-HK,Provincial Park,0,道立十勝エコロジーパーク,42.933611,143.310278
JA-1018,,Soya Fureai,Hokkaido,JP-HK,Provincial Park,0,道立宗谷ふれあい公園,45.394167,141.756667
JA-1020,,Yumenomori,Hokkaido,JP-HK,Provincial Park,0,道立ゆめの森公園,43.568765,144.956369
JA-1019,,Sunpillar,Hokkaido,JP-HK,Provincial Park,0,道立サンピラーパーク,44.373889,142.479444
JA-1017,,Okhotsk Sea Ice,Hokkaido,JP-HK,Provincial Park,0,道立オホーツク流氷公園,44.316667,143.394167
JA-1016,,Okhotsk,Hokkaido,JP-HK,Provincial Park,0,道立オホーツク公園,43.990184,144.242533
JA-1661,,Dogo,Ehime,JP-EH,Provincial Park,0,道後公園,33.848165,132.786749
JA-1122,,Doho,Ibaraki,JP-IB,Provincial Park,0,洞峰公園,36.061855,140.122921
JA-1243,,The Tokyo Rinkai Disaster Pre,Tokyo,JP-TK,Provincial Park,0,東京臨海広域防災公園（都立公園）,35.634579,139.797417
JA-1812,,Tokyo Port Wild Bird Park,Tokyo,JP-TK,Provincial Park,0,東京港野鳥公園,35.58392545,139.7609929
JA-1276,,Higashifushimi,Tokyo,JP-TK,Provincial Park,0,東伏見公園,35.728673,139.557443
JA-1804,,Higashi Yashio Greenway,Tokyo,JP-TK,Provincial Park,0,東八潮緑道公園,35.61930363,139.7715374
JA-1248,,Higashi Shirahige,Tokyo,JP-TK,Provincial Park,0,東白鬚公園,35.733583,139.814045
JA-1127,,Higashimachi Sports,Ibaraki,JP-IB,Provincial Park,0,東町運動公園,36.38064,140.449246
JA-1279,,Higashiyamato Minami,Tokyo,JP-TK,Provincial Park,0,東大和南公園,35.734544,139.422215
JA-1278,,Higashiyamato,Tokyo,JP-TK,Provincial Park,0,東大和公園,35.755437,139.432139
JA-1277,,Higashimurayama Chuo,Tokyo,JP-TK,Provincial Park,0,東村山中央公園,35.747605,139.459328
JA-1468,,Higashi-mikawa Furusato,Aichi,JP-AI,Provincial Park,0,東三河ふるさと公園,34.838661,137.308383
JA-1306,,Higashitakane Shinrin,Kanagawa,JP-KN,Provincial Park,0,東高根森林公園,35.604328,139.586632
JA-1699,,Higashi,Fukuoka,JP-FO,Provincial Park,0,東公園,33.60581,130.420238
JA-1585,,Lake Togo Hawai Seaside,Tottori,JP-TT,Provincial Park,0,東郷湖羽合臨海公園,35.491894,133.885614
JA-1825,,Tokai Greenway,Tokyo,JP-TK,Provincial Park,0,東海緑道公園,35.57718905,139.7593608
JA-1820,,Tokai Port Park,Tokyo,JP-TK,Provincial Park,0,東海ふ頭公園,35.57771582,139.7557697
JA-1247,,Higashi Ayase,Tokyo,JP-TK,Provincial Park,0,東綾瀬公園,35.771049,139.831091
JA-1102,,Azumagaoka,Fukushima,JP-FS,Provincial Park,0,東ヶ丘公園,37.631268,140.969359
JA-1602,,Manyo,Shimane,JP-SM,Provincial Park,0,島根県立万葉公園,34.67903,131.81429
JA-1600,,Hamayama,Shimane,JP-SM,Provincial Park,0,島根県立浜山公園,35.378817,132.706568
JA-1601,,Iwami Seaside,Shimane,JP-SM,Provincial Park,0,島根県立石見海浜公園,34.957866,132.144141
JA-1363,,Shimami Ryokuchi,Niigata,JP-NI,Provincial Park,0,島見緑地,37.970311,139.206426
JA-1684,,Tosa Seinan Daikibo,Kochi,JP-KC,Provincial Park,0,土佐西南大規模公園,33.024227,133.016165
JA-1724,,Tabira,Nagasaki,JP-NS,Provincial Park,0,田平公園,33.35435,129.575855
JA-1215,,Tonogayato Gardens,Tokyo,JP-TK,Provincial Park,0,殿ヶ谷戸庭園,35.698632,139.481894
JA-1703,,Tenjin Chuo,Fukuoka,JP-FO,Provincial Park,0,天神中央公園,33.590293,130.402839
JA-1502,,Amanohashidate,Kyoto,JP-KY,Provincial Park,0,天橋立公園,35.564301,135.188276
JA-1314,,Tsujido Kaihin,Kanagawa,JP-KN,Provincial Park,0,辻堂海浜公園,35.320914,139.448184
JA-1313,,Tsukuiko Shiroyama,Kanagawa,JP-KN,Provincial Park,0,津久井湖城山公園,35.582014,139.281654
JA-1362,,Toyanogata,Niigata,JP-NI,Provincial Park,0,鳥屋野潟公園,37.880242,139.041595
JA-1525,,Nagano,Osaka,JP-OS,Provincial Park,0,長野公園,34.447857,135.573895
JA-1347,,Nagano Sports,Nagano,JP-NN,Provincial Park,0,長野運動公園,36.659137,138.23217
JA-1200,,Chosei no mori,Chiba,JP-CH,Provincial Park,0,長生の森公園,35.454669,140.266898
JA-1272,,Naganuma,Tokyo,JP-TK,Provincial Park,0,長沼公園,35.638237,139.36825
JA-1726,,Nagasaki Sogo Undo,Nagasaki,JP-NS,Provincial Park,0,長崎県立総合運動公園,32.836629,130.040366
JA-1863,,Choukai-no-mori,Yamagata,JP-YT,Provincial Park,0,眺海の森,38.859316,139.980388
JA-1234,,Shiokaze,Tokyo,JP-TK,Provincial Park,0,潮風公園,35.623833,139.768871
JA-1462,,Asamiya,Aichi,JP-AI,Provincial Park,0,朝宮公園,35.255614,136.9594
JA-1246,,Nakagawa,Tokyo,JP-TK,Provincial Park,0,中川公園,35.77526,139.845679
JA-1784,,Nakagusu,Okinawa,JP-ON,Provincial Park,0,中城公園,26.288104,127.792713
JA-1079,,Nakayama,Yamagata,JP-YT,Provincial Park,0,中山公園,38.342052,140.26705
JA-1067,,Akita Prefectural Central,Akita,JP-AK,Provincial Park,0,中央公園,39.623056,140.204167
JA-1704,,Central,Fukuoka,JP-FO,Provincial Park,0,中央公園,33.876196,130.838849
JA-1834,,Chichibu Muse Park,Saitama,JP-ST,Provincial Park,0,秩父ミューズパーク,35.99621,139.05463
JA-1706,,Chikuho Ryokuchi,Fukuoka,JP-FO,Provincial Park,0,筑豊緑地,33.658053,130.747979
JA-1707,,Chikugo Regional,Fukuoka,JP-FO,Provincial Park,0,筑後広域公園,33.177692,130.493039
JA-1693,,Ike,Kochi,JP-KC,Provincial Park,0,池公園,33.524634,133.589469
JA-1539,,Awajishima,Hyogo,JP-HG,Provincial Park,0,淡路島公園,34.575972,135.006861
JA-1552,,Ball Park Awaji,Hyogo,JP-HG,Provincial Park,0,淡路佐野運動公園,34.454396,134.929358
JA-1414,,Tannan Sogo,Fukui,JP-FI,Provincial Park,0,丹南総合公園,35.928795,136.153525
JA-1503,,Tango Eco-Future,Kyoto,JP-KY,Provincial Park,0,丹後海と星の見える丘公園,35.623204,135.235962
JA-1769,,Taniyama Ryokuchi,Kagoshima,JP-KS,Provincial Park,0,谷山緑地,31.522655,130.524275
JA-1808,,Tatsumi Greenway,Tokyo,JP-TK,Provincial Park,0,辰巳の森緑道公園,35.64567979,139.8133472
JA-1806,,Tatsumi Seaside Park,Tokyo,JP-TK,Provincial Park,0,辰巳の森海浜公園,35.64952459,139.8134437
JA-1550,,Tajima Bokujyo,Hyogo,JP-HG,Provincial Park,0,但馬牧場公園,35.516477,134.4879
JA-1041,,Takizawa Forest,Iwate,JP-IW,Provincial Park,0,滝沢森林公園,39.80666,141.137691
JA-1270,,Takiyama,Tokyo,JP-TK,Provincial Park,0,滝山公園（滝山城跡）,35.701576,139.327843
JA-1288,,Ogamiyama,Tokyo,JP-TK,Provincial Park,0,大神山公園,27.093873,142.192363
JA-1559,,Obuchiike,Nara,JP-NR,Provincial Park,0,大渕池公園,34.707999,135.746527
JA-1404,,Onominato Ryokuchi,Ishikawa,JP-IS,Provincial Park,0,大野湊緑地公園,36.595728,136.597654
JA-1885,,Oita Agricultural Park,Oita,JP-OT,Provincial Park,0,大分農業文化公園,33.433113,131.429775
JA-1883,,Oita Prefecture Museum of Hi,Oita,JP-OT,Provincial Park,0,大分県歴史博物館・風土記の丘,33.541989,131.360942
JA-1884,,Oita Kenmin no Mori,Oita,JP-OT,Provincial Park,0,大分県県民の森,33.159425,131.547164
JA-1746,,Oita Sports,Oita,JP-OT,Provincial Park,0,大分スポーツ公園,33.200823,131.656512
JA-1479,,Daibutsuyama,Mie,JP-ME,Provincial Park,0,大仏山公園,34.516909,136.65354
JA-1225,,Ojima Komatsugawa,Tokyo,JP-TK,Provincial Park,0,大島小松川公園,35.692843,139.850133
JA-1830,,Oshima Park,Tokyo,JP-TK,Provincial Park,0,大島公園,34.76130325,139.4342788
JA-1117,,Oarai,Ibaraki,JP-IB,Provincial Park,0,大洗公園,36.325659,140.593093
JA-1513,,Oizumi Ryokuchi,Osaka,JP-OS,Provincial Park,0,大泉緑地,34.564448,135.527753
JA-1224,,Oizumi-Chuo,Tokyo,JP-TK,Provincial Park,0,大泉中央公園,35.775027,139.599008
JA-1748,,Osu Sogo Comrehensive Athle,Oita,JP-OT,Provincial Park,0,大洲総合運動公園,33.251262,131.627999
JA-1121,,Daigo Koiki,Ibaraki,JP-IB,Provincial Park,0,大子広域公園,36.791523,140.350326
JA-1702,,Ohori,Fukuoka,JP-FO,Provincial Park,0,大濠公園,33.586071,130.376413
JA-1460,,Odaka Ryokuchi,Aichi,JP-AI,Provincial Park,0,大高緑地（ディノアドベンチャー名古屋）,35.060194,136.956092
JA-1261,,Oto,Tokyo,JP-TK,Provincial Park,0,大戸緑地,35.615196,139.284591
JA-1773,,Osumi Koiki,Kagoshima,JP-KS,Provincial Park,0,大隅広域公園,31.29421,130.919119
JA-1840,,Omiya Daini Park,Saitama,JP-ST,Provincial Park,0,大宮第二公園,35.91855,139.64007
JA-1841,,Omiya Daisan Park,Saitama,JP-ST,Provincial Park,0,大宮第三公園,35.91459,139.64138
JA-1158,,Omiya,Saitama,JP-ST,Provincial Park,0,大宮公園,35.918685,139.631387
JA-1297,,Oiso Joyama,Kanagawa,JP-KN,Provincial Park,0,大磯城山公園,35.304913,139.290204
JA-1824,,Oi Greenway,Tokyo,JP-TK,Provincial Park,0,大井ふ頭緑道公園,35.59965954,139.7545868
JA-1813,,Oi Central Seaside Park,Tokyo,JP-TK,Provincial Park,0,大井ふ頭中央海浜公園,35.59342661,139.7501799
JA-1242,,Daiba,Tokyo,JP-TK,Provincial Park,0,台場公園,35.633577,139.771808
JA-1255,,Yoyogi,Tokyo,JP-TK,Provincial Park,0,代々木公園,35.671606,139.695994
JA-1325,,Tataranuma,Gumma,JP-GM,Provincial Park,0,多々良沼公園,36.257753,139.503991
JA-1831,,Takowan Park,Tokyo,JP-TK,Provincial Park,0,多幸湾公園,34.20391009,139.1522945
JA-1082,,Zao Miharashi no Oka Museu,Yamagata,JP-YT,Provincial Park,0,蔵王みはらしの丘・ミュージアムパーク,38.187853,140.294941
JA-1450,,Kusanagi Sports Complex,Shizuoka,JP-SZ,Provincial Park,0,草薙総合運動場,34.989022,138.429283
JA-1300,,Sagami Sansen,Kanagawa,JP-KN,Provincial Park,0,相模三川公園,35.459214,139.380625
JA-1305,,Sagamiko,Kanagawa,JP-KN,Provincial Park,0,相模湖公園,35.612494,139.190943
JA-1315,,Sagamihara,Kanagawa,JP-KN,Provincial Park,0,相模原公園,35.531216,139.387167
JA-1612,,Kurashiki Sports,Okayama,JP-OY,Provincial Park,0,倉敷スポーツ公園,34.619293,133.804502
JA-1241,,Soshigaya,Tokyo,JP-TK,Provincial Park,0,祖師谷公園,35.654557,139.599299
JA-1239,,Zenpukujigawa,Tokyo,JP-TK,Provincial Park,0,善福寺川緑地,35.690567,139.63245
JA-1240,,Zenpukuji,Tokyo,JP-TK,Provincial Park,0,善福寺公園,35.714567,139.591252
JA-1269,,Sengenyama,Tokyo,JP-TK,Provincial Park,0,浅間山公園,35.680018,139.500331
JA-1527,,Izumisano Kyuryo Ryokuchi,Osaka,JP-OS,Provincial Park,0,泉佐野丘陵緑地,34.367389,135.331471
JA-1174,,Kawagoe Aquatic,Saitama,JP-ST,Provincial Park,0,川越水上公園,35.913369,139.450497
JA-1192,,Chiba Central Sports Center,Chiba,JP-CH,Provincial Park,0,千葉県総合スポーツセンター,35.65034,140.126419
JA-1054,,Sendaiko Tagajo Chiku Kansh,Miyagi,JP-MG,Provincial Park,0,仙台港多賀城地区緩衝緑地,38.289536,141.032979
JA-1868,,Rinkuu-kouen,Miyagi,JP-MG,Provincial Park,0,仙台空港臨空公園,38.136107,140.899835
JA-1220,,Akatsuka,Tokyo,JP-TK,Provincial Park,0,赤塚公園,35.784811,139.657017
JA-1544,,Ako Seaside,Hyogo,JP-HG,Provincial Park,0,赤穂海浜公園,34.733778,134.396722
JA-1846,,Akagi Forest Park,Gumma,JP-GM,Provincial Park,0,赤城森林公園,36.5051,139.15494
JA-1237,,Shakujii,Tokyo,JP-TK,Provincial Park,0,石神井公園,35.738318,139.598772
JA-1512,,Ishikawa Kasen,Osaka,JP-OS,Provincial Park,0,石川河川公園,34.545785,135.618656
JA-1774,,Ishibashi Kinen,Kagoshima,JP-KS,Provincial Park,0,石橋記念公園,31.604005,130.568074
JA-1449,,Shizuoka Pre. Forest,Shizuoka,JP-SZ,Provincial Park,0,静岡県立森林公園,34.846129,137.781901
JA-1191,,Aobanomori,Chiba,JP-CH,Provincial Park,0,青葉の森公園,35.59645,140.141469
JA-1032,,Ashino,Aomori,JP-AO,Provincial Park,0,青森県立芦野公園,40.914069,140.451398
JA-1219,,Aoyama,Tokyo,JP-TK,Provincial Park,0,青山公園,35.663328,139.724426
JA-1797,,Aomi Greenway,Tokyo,JP-TK,Provincial Park,0,青海緑道公園,35.62136502,139.7797194
JA-1794,,Aomi-Kita Port Park,Tokyo,JP-TK,Provincial Park,0,青海北ふ頭公園,35.61908797,139.7741666
JA-1795,,Aomi-Minami Port Park,Tokyo,JP-TK,Provincial Park,0,青海南ふ頭公園,35.61435197,139.777192
JA-1798,,Aomi-Chuou Port Park,Tokyo,JP-TK,Provincial Park,0,青海中央ふ頭公園,35.62078422,139.7802776
JA-1397,,Seibu Ryokuchi,Ishikawa,JP-IS,Provincial Park,0,西部緑地公園,36.575131,136.602914
JA-1077,,Nishizao,Yamagata,JP-YT,Provincial Park,0,西蔵王公園,38.205,140.355278
JA-1701,,Nishi,Fukuoka,JP-FO,Provincial Park,0,西公園,33.598129,130.374796
JA-1725,,Saikaibashi,Nagasaki,JP-NS,Provincial Park,0,西海橋公園,33.051157,129.758073
JA-1541,,Nishi-Harima Astronomical O,Hyogo,JP-HG,Provincial Park,0,西はりま天文台公園,35.025319,134.335799
JA-1365,,Seiro Ryokuchi,Niigata,JP-NI,Provincial Park,0,聖籠緑地,37.995845,139.257724
JA-1213,,Kiyosumi Gardens,Tokyo,JP-TK,Provincial Park,0,清澄庭園,35.680663,139.797286
JA-1735,,Minamata Koiki,Kumamoto,JP-KM,Provincial Park,0,水俣広域公園,32.201629,130.37901
JA-1613,,Mizushima Ryokuchi,Okayama,JP-OY,Provincial Park,0,水島緑地,34.531501,133.768182
JA-1251,,Mizumoto,Tokyo,JP-TK,Provincial Park,0,水元公園,35.786885,139.869776
JA-1799,,Mizu-no-Hiroba Park,Tokyo,JP-TK,Provincial Park,0,水の広場公園,35.62775328,139.7875725
JA-1772,,Fukiagehama Kaihin,Kagoshima,JP-KS,Provincial Park,0,吹上浜海浜公園,31.436456,130.2826
JA-1520,,Fukakita Ryokuchi,Osaka,JP-OS,Provincial Park,0,深北緑地,34.726237,135.628855
JA-1836,,Shinrinkoen Park Walking Roa,Saitama,JP-ST,Provincial Park,0,森林公園緑道,36.04709,139.37549
JA-1716,,Shinrin,Saga,JP-SG,Provincial Park,0,森林公園,33.240164,130.249129
JA-1810,,Shin-kiba Greenway,Tokyo,JP-TK,Provincial Park,0,新木場緑道公園,35.64012919,139.8405686
JA-1807,,Shin-kiba Park,Tokyo,JP-TK,Provincial Park,0,新木場公園,35.64207019,139.823443
JA-1031,,New Aomori Prefectural Sport,Aomori,JP-AO,Provincial Park,0,新青森県総合運動公園,40.842766,140.840843
JA-1463,,Shinshiro General,Aichi,JP-AI,Provincial Park,0,新城総合公園,34.937128,137.542081
JA-1835,,Niiza Greenway Park,Saitama,JP-ST,Provincial Park,0,新座緑道,35.77787,139.59213
JA-1368,,Ogata Mizu to Mori,Niigata,JP-NI,Provincial Park,0,新潟県立大潟水と森公園,37.230943,138.349798
JA-1366,,Niigata Prefectural Botanical,Niigata,JP-NI,Provincial Park,0,新潟県立植物園,37.760661,139.112749
JA-1361,,Niigata Prefectural Sports Par,Niigata,JP-NI,Provincial Park,0,新潟県スポーツ公園,37.88429,139.06237
JA-1510,,Neyagawa,Osaka,JP-OS,Provincial Park,0,寝屋川公園,34.76128,135.652261
JA-1238,,Johoku-Chuo,Tokyo,JP-TK,Provincial Park,0,城北中央公園,35.7566,139.673483
JA-1826,,Jonanjima Greenway,Tokyo,JP-TK,Provincial Park,0,城南島緑道公園,35.57937959,139.7813086
JA-1814,,Jonanjima Seaside Park,Tokyo,JP-TK,Provincial Park,0,城南島海浜公園,35.58007774,139.7857052
JA-1817,,Jonanjima Port Park,Tokyo,JP-TK,Provincial Park,0,城南島ふ頭公園,35.5791062,139.7728363
JA-1298,,Jogashima,Kanagawa,JP-KN,Provincial Park,0,城ケ島公園,35.131554,139.624649
JA-1221,,Ueno,Tokyo,JP-TK,Provincial Park,0,上野恩賜公園,35.715511,139.773759
JA-1160,,Ageo Undo,Saitama,JP-ST,Provincial Park,0,上尾運動公園,35.968358,139.602304
JA-1302,,Shonan Shiomidai,Kanagawa,JP-KN,Provincial Park,0,湘南汐見台公園,35.321821,139.437946
JA-1311,,Shonan Kaigan,Kanagawa,JP-KN,Provincial Park,0,湘南海岸公園 （藤沢市）,35.313582,139.474199
JA-1876,,Numanouchi Bosai Ryokuchi,Fukushima,JP-FS,Provincial Park,0,沼ノ内防災緑地,37.013458,140.973945
JA-1341,,Matsumotodaira Koiki,Nagano,JP-NN,Provincial Park,0,松本平広域公園,36.168182,137.924798
JA-1396,,Matto,Ishikawa,JP-IS,Provincial Park,0,松任海浜公園,36.539606,136.532661
JA-1052,,Matsushima Koen,Miyagi,JP-MG,Provincial Park,0,松島公園,38.366117,141.061333
JA-1085,,Shonai Kuko Kansho Ryokuchi,Yamagata,JP-YT,Provincial Park,0,庄内空港緩衝緑地,38.816024,139.792162
JA-1829,,Komine Park,Tokyo,JP-TK,Provincial Park,0,小峰公園,35.71973047,139.2299596
JA-1461,,Obata Ryokuchi,Aichi,JP-AI,Provincial Park,0,小幡緑地,35.219631,136.988161
JA-1069,,Koizumigata,Akita,JP-AK,Provincial Park,0,小泉潟公園,39.81361,140.069785
JA-1214,,Koishikawa-Korakuen Garden,Tokyo,JP-TK,Provincial Park,0,小石川後楽園,35.705358,139.749504
JA-1328,,Kose Sports,Yamanashi,JP-YN,Provincial Park,0,小瀬スポーツ公園,35.622182,138.587392
JA-1262,,Oyamadairi,Tokyo,JP-TK,Provincial Park,0,小山内裏公園,35.606167,139.367768
JA-1263,,Oyamada,Tokyo,JP-TK,Provincial Park,0,小山田緑地,35.597613,139.417105
JA-1855,,Oneyama Bird Forest Park,Gumma,JP-GM,Provincial Park,0,小根山森林公園 野鳥の森,36.35241,138.73756
JA-1264,,Koganei,Tokyo,JP-TK,Provincial Park,0,小金井公園,35.716351,139.5177
JA-1265,,Komiya,Tokyo,JP-TK,Provincial Park,0,小宮公園,35.673141,139.340276
JA-1451,,Ogasayama Sports,Shizuoka,JP-SZ,Provincial Park,0,小笠山総合運動公園,34.743865,137.969237
JA-1180,,Tokorozawa Aviation Memorial,Saitama,JP-ST,Provincial Park,0,所沢航空記念公園,35.797552,139.474473
JA-1683,,Haruno Athletic Recreation,Kochi,JP-KC,Provincial Park,0,春野総合運動公園,33.510322,133.501585
JA-1490,,Kasugayama,Shiga,JP-SH,Provincial Park,0,春日山公園,35.122649,135.905143
JA-1705,,Kasuga,Fukuoka,JP-FO,Provincial Park,0,春日公園,33.526966,130.469997
JA-1803,,Harumibashi Park,Tokyo,JP-TK,Provincial Park,0,春海橋公園,35.65711352,139.7907146
JA-1621,,Shukkeien Garden,Hiroshima,JP-HS,Provincial Park,0,縮景園,34.399749,132.467361
JA-1522,,Suminoe,Osaka,JP-OS,Provincial Park,0,住之江公園,34.611301,135.475576
JA-1523,,Sumiyoshi,Osaka,JP-OS,Provincial Park,0,住吉公園,34.612413,135.488269
JA-1259,,Akirudai,Tokyo,JP-TK,Provincial Park,0,秋留台公園,35.730258,139.30005
JA-1839,,Akigase Greenway Park,Saitama,JP-ST,Provincial Park,0,秋ヶ瀬緑道,35.85252,139.63383
JA-1157,,Akigase,Saitama,JP-ST,Provincial Park,0,秋ヶ瀬公園,35.849944,139.602328
JA-1786,,Shurijo Castle,Okinawa,JP-ON,Provincial Park,0,首里城公園,26.218257,127.71513
JA-1689,,Tanezaki Sensho,Kochi,JP-KC,Provincial Park,0,種崎千松公園,33.503577,133.569801
JA-1398,,Tedori,Ishikawa,JP-IS,Provincial Park,0,手取公園,36.484717,136.479101
JA-1196,,Teganuma Shizen Fureai Gree,Chiba,JP-CH,Provincial Park,0,手賀沼自然ふれあい緑道,35.857243,140.04051
JA-1345,,Wakasato,Nagano,JP-NN,Provincial Park,0,若里公園,36.634709,138.187971
JA-1811,,Wakasu Seaside Park,Tokyo,JP-TK,Provincial Park,0,若洲海浜公園,35.61336814,139.8357291
JA-1411,,Wakasa Sogo,Fukui,JP-FI,Provincial Park,0,若狭総合公園,35.515904,135.756045
JA-1406,,Wakasa no Sato,Fukui,JP-FI,Provincial Park,0,若狭の里公園,35.48399,135.786228
JA-1244,,Toneri,Tokyo,JP-TK,Provincial Park,0,舎人公園,35.797,139.771798
JA-1236,,Shiba,Tokyo,JP-TK,Provincial Park,0,芝公園,35.654854,139.747856
JA-1822,,Shibaura Minami Port Park,Tokyo,JP-TK,Provincial Park,0,芝浦南ふ頭公園,35.63695783,139.7601495
JA-1235,,Shinozaki,Tokyo,JP-TK,Provincial Park,0,篠崎公園,35.715613,139.898368
JA-1856,,Shinohara Garen,Kanagawa,JP-KN,Provincial Park,0,篠原園地,35.49129,139.62626
JA-1682,,Muroto Koiki,Kochi,JP-KC,Provincial Park,0,室戸広域公園,33.289079,134.171595
JA-1301,,Nanasawa Shinrin,Kanagawa,JP-KN,Provincial Park,0,七沢森林公園,35.447152,139.300817
JA-1120,,Kashimadana Sea Side,Ibaraki,JP-IB,Provincial Park,0,鹿島灘海浜公園,36.15049,140.57743
JA-1768,,Yoshino,Kagoshima,JP-KS,Provincial Park,0,鹿児島県立吉野公園,31.631802,130.593182
JA-1776,,Fureai Sports Land,Kagoshima,JP-KS,Provincial Park,0,鹿児島ふれあいスポーツランド,31.549336,130.490736
JA-1233,,Shioiri,Tokyo,JP-TK,Provincial Park,0,汐入公園,35.736347,139.809663
JA-1364,,Shiunji Kinen,Niigata,JP-NI,Provincial Park,0,紫雲寺記念公園,38.035887,139.297392
JA-1875,,YotsukuraBosai Ryokuchi,Fukushima,JP-FS,Provincial Park,0,四倉防災緑地,37.099095,140.987236
JA-1307,,Shikinomori,Kanagawa,JP-KN,Provincial Park,0,四季の森公園,35.502549,139.536143
JA-1329,,Atagoyama Kodomo no Kuni,Yamanashi,JP-YN,Provincial Park,0,山梨県立愛宕山こどもの国,35.672424,138.582347
JA-1332,,Flower Center Heidi's Village,Yamanashi,JP-YN,Provincial Park,0,山梨県立フラワーセンター ハイジの村,35.780885,138.463565
JA-1334,,Fujihokuroku,Yamanashi,JP-YN,Provincial Park,0,山梨県富士北麓公園,35.453977,138.768154
JA-1791,,Yamakita Tsuburano,Kanagawa,JP-KN,Provincial Park,0,山北つぶらの公園,35.3696599,139.0518487
JA-1518,,Yamadaike,Osaka,JP-OS,Provincial Park,0,山田池公園,34.821895,135.690573
JA-1631,,Yamaguchi Kirara Expo Memo,Yamaguchi,JP-YC,Provincial Park,0,山口きらら博記念公園,34.005003,131.371735
JA-1867,,Yamagata Nature Museum Pa,Yamagata,JP-YT,Provincial Park,0,山形県立自然博物園,38.504401,139.997857
JA-1076,,Yamagata Prefectural General,Yamagata,JP-YT,Provincial Park,0,山形県総合運動公園,38.336083,140.377139
JA-1416,,Sanrihama Kansho Ryokuchi,Fukui,JP-FI,Provincial Park,0,三里浜緩衝緑地,36.185693,136.134464
JA-1547,,Mikiyama Forest,Hyogo,JP-HG,Provincial Park,0,三木山森林公園,34.788224,134.989011
JA-1849,,Sakurayama Forest Park,Gumma,JP-GM,Provincial Park,0,桜山森林公園,36.16145,139.02116
JA-1266,,Sakuragaoka,Tokyo,JP-TK,Provincial Park,0,桜ヶ丘公園,35.639017,139.460674
JA-1843,,Saitamaken Agricultual and F,Saitama,JP-ST,Provincial Park,0,埼玉県農林公園,36.11225,139.28837
JA-1164,,Saitama Prefectural Forest,Saitama,JP-ST,Provincial Park,0,埼玉県県民の森,35.989452,139.157474
JA-1156,,Saitama Stadium 2002,Saitama,JP-ST,Provincial Park,0,埼玉スタジアム2002公園,35.902987,139.715406
JA-1403,,Saigawa Ryokuchi,Ishikawa,JP-IS,Provincial Park,0,犀川緑地,36.542899,136.670693
JA-1166,,Sainomori Iruma,Saitama,JP-ST,Provincial Park,0,彩の森入間公園,35.837606,139.399494
JA-1858,,Saino-Kuni Fureai Forest Park,Saitama,JP-ST,Provincial Park,0,彩の国ふれあいの森,35.99467,138.80075
JA-1081,,Mogami Central,Yamagata,JP-YT,Provincial Park,0,最上中央公園,38.760149,140.308472
JA-1080,,Mogamigawa Furusato Sogo,Yamagata,JP-YT,Provincial Park,0,最上川ふるさと総合公園,38.365201,140.262573
JA-1299,,Zama Yatoyama,Kanagawa,JP-KN,Provincial Park,0,座間谷戸山公園,35.486677,139.403976
JA-1123,,Sanuma Koiki,Ibaraki,JP-IB,Provincial Park,0,砂沼広域公園,36.189136,139.948073
JA-1715,,Sagajo,Saga,JP-SG,Provincial Park,0,佐賀城公園,33.244954,130.302994
JA-0209,,Kiso Sansen,Aichi,JP-AI,National Recreati,0,国営木曽三川公園,35.357814,136.813236
JA-0209,,Kiso Sansen,Gifu,JP-GF,National Recreati,0,国営木曽三川公園,35.357814,136.813236
JA-0209,,Kiso Sansen,Mie,JP-ME,National Recreati,0,国営木曽三川公園,35.357814,136.813236
JA-0211,,Akashi Kaikyo,Hyogo,JP-HG,National Recreati,0,国営明石海峡公園,34.562818,135.011342
JA-0212,,Nara Palace Site Historical,Nara,JP-NR,National Recreati,0,国営平城宮跡歴史公園,34.690737,135.793841
JA-0204,,Musashi-Kyuryo,Saitama,JP-ST,National Recreati,0,国営武蔵丘陵森林公園,36.083593,139.369363
JA-0214,,Bihoku Hillside,Hiroshima,JP-HS,National Recreati,0,国営備北丘陵公園,34.838483,132.997238
JA-0213,,Asuka Historical,Nara,JP-NR,National Recreati,0,国営飛鳥歴史公園,34.465414,135.804149
JA-0206,,The Tokyo Rinkai Disaster Pre,Tokyo,JP-TK,National Recreati,0,国営東京臨海広域防災公園（国営公園）,35.635477,139.795787
JA-0201,,Takino Suzuran Hillside,Hokkaido,JP-HK,National Recreati,0,国営滝野すずらん丘陵公園,42.91095,141.380033
JA-0205,,Showa Kinen,Tokyo,JP-TK,National Recreati,0,国営昭和記念公園,35.710798,139.396086
JA-0215,,Sanuki Manno,Kagawa,JP-KG,National Recreati,0,国営讃岐まんのう公園,34.164817,133.890844
JA-0217,,Yoshinogari Historical,Saga,JP-SG,National Recreati,0,国営吉野ヶ里歴史公園,33.324161,130.384484
JA-0216,,Uminonakamichi Seaside,Fukuoka,JP-FO,National Recreati,0,国営海の中道海浜公園,33.655038,130.355809
JA-0218,,Okinawa Kinen,Okinawa,JP-ON,National Recreati,0,国営沖縄記念公園,26.691947,127.879896
JA-0207,,Echigo Hillside,Niigata,JP-NI,National Recreati,0,国営越後丘陵公園,37.417447,138.745632
JA-0202,,Michinoku Lakewood,Miyagi,JP-MG,National Recreati,0,国営みちのく杜の湖畔公園,38.184794,140.671815
JA-0203,,Hitachi Seaside,Ibaraki,JP-IB,National Recreati,0,国営ひたち海浜公園,36.402925,140.598001
JA-0208,,Alps Azumino,Nagano,JP-NN,National Recreati,0,国営アルプスあづみの公園,36.315025,137.84248
JA-1747,,Takaoyama,Oita,JP-OT,Provincial Park,0,高尾山自然公園,33.211564,131.655188
JA-1687,,Kochi,Kochi,JP-KC,Provincial Park,0,高知公園,33.561229,133.531029
JA-1692,,Kochi Kuko Midori no Hiroba,Kochi,JP-KC,Provincial Park,0,高知空港 緑の広場,33.536984,133.681375
JA-1882,,Takasakiyama Natural Zoologi,Oita,JP-OT,National Park,0,高崎山自然動物園,33.252346,131.523972
JA-1545,,Takasago Seaside,Hyogo,JP-HG,Provincial Park,0,高砂海浜公園,34.734694,134.803083
JA-1651,,Toryo,Kagawa,JP-KG,Provincial Park,0,香川県立桃陵公園,34.269719,133.747605
JA-1650,,Kikaku,Kagawa,JP-KG,Provincial Park,0,香川県立亀鶴公園,34.252656,134.183371
JA-1652,,Kagawa Sports,Kagawa,JP-KG,Provincial Park,0,香川県総合運動公園,34.365054,133.960466
JA-1194,,Gyoda,Chiba,JP-CH,Provincial Park,0,行田公園,35.719485,139.97292
JA-1177,,Arakawa Oaso,Saitama,JP-ST,Provincial Park,0,荒川大麻生公園,36.143382,139.349209
JA-1330,,Sone Kyuryo,Yamanashi,JP-YN,Provincial Park,0,甲斐風土記の丘・曽根丘陵公園,35.589782,138.582475
JA-1546,,Kabutoyama Forest,Hyogo,JP-HG,Provincial Park,0,甲山森林公園,34.772389,135.334556
JA-1119,,Minato,Ibaraki,JP-IB,Provincial Park,0,港公園,35.913392,140.672242
JA-1116,,Kodokan,Ibaraki,JP-IB,Provincial Park,0,弘道館公園,36.376098,140.477503
JA-1622,,Hiroshima Ryokka Shokubuts,Hiroshima,JP-HS,Provincial Park,0,広島緑化植物公園,34.435473,132.566371
JA-1624,,Miyoshi,Hiroshima,JP-HS,Provincial Park,0,広島県立みよし公園,34.798245,132.905188
JA-1625,,Bingo Sports,Hiroshima,JP-HS,Provincial Park,0,広島県立びんご運動公園,34.43497,133.17657
JA-1620,,Hiroshimaken Sogo Ground,Hiroshima,JP-HS,Provincial Park,0,広島県総合グランド,34.375513,132.422593
JA-1217,,Mukojima-Hyakkaen Gardens,Tokyo,JP-TK,Provincial Park,0,向島百花園,35.724119,139.815139
JA-1649,,Kinbuchi Forest,Kagawa,JP-KG,Provincial Park,0,公渕森林公園,34.240624,134.108327
JA-1249,,Hikarigaoka,Tokyo,JP-TK,Provincial Park,0,光が丘公園,35.766573,139.628662
JA-1331,,Midai Minami,Yamanashi,JP-YN,Provincial Park,0,御勅使南公園,35.668124,138.455287
JA-1040,,Goshoko Koiki,Iwate,JP-IW,Provincial Park,0,御所湖広域公園,39.667607,140.978178
JA-1611,,Korakuen,Okayama,JP-OY,Provincial Park,0,後楽園,34.667777,133.935765
JA-1688,,Godaisan,Kochi,JP-KC,Provincial Park,0,五台山公園,33.547241,133.574121
JA-1481,,Isuzu,Mie,JP-ME,Provincial Park,0,五十鈴公園,34.463805,136.727539
JA-1489,,Kogan Ryokuchi,Shiga,JP-SH,Provincial Park,0,湖岸緑地,35.386403,136.23802
JA-1179,,Toda,Saitama,JP-ST,Provincial Park,0,戸田公園,35.801668,139.675889
JA-1245,,Toyama,Tokyo,JP-TK,Provincial Park,0,戸山公園,35.705486,139.704323
JA-1864,,Genryu-no-mori,Yamagata,JP-YT,Provincial Park,0,源流の森,37.925621,139.899207
JA-1873,,Haragamaobama Bosai Ryoku,Fukushima,JP-FS,Provincial Park,0,原釜尾浜防災緑地,37.831342,140.956379
JA-1320,,Myogi,Gumma,JP-GM,Provincial Park,0,県立妙義公園,36.286472,138.740415
JA-1318,,Akagi,Gumma,JP-GM,Provincial Park,0,県立赤城公園,36.541751,139.191426
JA-1319,,Haruna,Gumma,JP-GM,Provincial Park,0,県立榛名公園,36.471229,138.873194
JA-1086,,Kenmin Ryokuchi,Yamagata,JP-YT,Provincial Park,0,県民緑地,38.239469,140.362433
JA-1382,,Taikoyama Land,Toyama,JP-TY,Provincial Park,0,県民公園太閤山ランド,36.691507,137.105028
JA-1381,,Shinko no Mori,Toyama,JP-TY,Provincial Park,0,県民公園新港の森,36.768864,137.090456
JA-1842,,Saitama Prefectural Citizens H,Saitama,JP-ST,Provincial Park,0,県民健康福祉村,35.88424,139.75845
JA-1859,,Tochigi Prefectual Forest Park,Tochigi,JP-TC,Provincial Park,0,県民の森,36.87389,139.84059
JA-1865,,Kenmin-no-mori,Yamagata,JP-YT,Provincial Park,0,県民の森,38.242003,140.203141
JA-1869,,Kenmin-no-mori,Miyagi,JP-MG,Provincial Park,0,県民の森,38.321471,140.936776
JA-1881,,Kenmin-no-mori,Akita,JP-AK,Provincial Park,0,県民の森,39.72059,140.69593
JA-1482,,Kencho Mae,Mie,JP-ME,Provincial Park,0,県庁前公園,34.729247,136.509588
JA-1124,,Kensei Sogo,Ibaraki,JP-IB,Provincial Park,0,県西総合公園,36.305246,140.016551
JA-1087,,Kenseishi Ryokuchi,Yamagata,JP-YT,Provincial Park,0,県政史緑地,38.256501,140.340706
JA-1566,,Nara Palace Site Historical,Nara,JP-NR,Provincial Park,0,県営平城宮跡歴史公園,34.686594,135.793104
JA-1446,,Yoshida,Shizuoka,JP-SZ,Provincial Park,0,県営吉田公園,34.766114,138.284661
JA-1170,,Gongendo,Saitama,JP-ST,Provincial Park,0,権現堂公園,36.107588,139.725492
JA-1400,,Kenrokuen,Ishikawa,JP-IS,Provincial Park,0,兼六園,36.561852,136.66234
JA-1388,,Kenmin Kaihin,Ishikawa,JP-IS,Provincial Park,0,健民海浜公園,36.592647,136.583333
JA-1083,,Kenko no Mori,Yamagata,JP-YT,Provincial Park,0,健康の森公園,38.300308,140.34472
JA-1644,,Tsukimigaoka Kaihin,Tokushima,JP-TS,Provincial Park,0,月見ヶ丘海浜公園,34.125884,134.610224
JA-1854,,Gunma Prefectual Greenery C,Gumma,JP-GM,Provincial Park,0,群馬県緑化センター,36.26496,139.48658
JA-1852,,Gunma Insect World Forest P,Gumma,JP-GM,Provincial Park,0,群馬県立ぐんま昆虫の森,36.43595,139.25115
JA-1322,,Gunma no Mori,Gumma,JP-GM,Provincial Park,0,群馬の森,36.29787,139.081006
JA-1480,,Kumanonada Rinkai,Mie,JP-ME,Provincial Park,0,熊野灘臨海公園,34.217301,136.346725
JA-1739,,Kumamoto Athletic ,Kumamoto,JP-KM,Provincial Park,0,熊本県民総合運動公園,32.84274,130.789445
JA-1740,,Yatsushiro Sports,Kumamoto,JP-KM,Provincial Park,0,熊本県営八代運動公園,32.533109,130.555831
JA-1736,,Techno Chuo Ryokuchi,Kumamoto,JP-KM,Provincial Park,0,熊本県テクノ中央緑地,32.822184,130.844192
JA-1162,,Kumagaya Sports & Culture,Saitama,JP-ST,Provincial Park,0,熊谷スポーツ文化公園,36.166542,139.405279
JA-1231,,Komazawa Olympic,Tokyo,JP-TK,Provincial Park,0,駒沢オリンピック公園,35.62573,139.661783
JA-1344,,Komaba,Nagano,JP-NN,Provincial Park,0,駒場公園,36.255136,138.485818
JA-1393,,Kanazawajo,Ishikawa,JP-IS,Provincial Park,0,金沢城公園,36.566259,136.659841
JA-1323,,Kanayama General,Gumma,JP-GM,Provincial Park,0,金山総合公園,36.318525,139.371513
JA-1653,,Kinrin,Kagawa,JP-KG,Provincial Park,0,琴林公園,34.286369,134.254788
JA-1524,,Nishikori,Osaka,JP-OS,Provincial Park,0,錦織公園,34.482404,135.572463
JA-1271,,Tamagawa Jyosui Ryokudo,Tokyo,JP-TK,Provincial Park,0,玉川上水緑道,35.721752,139.358332
JA-1796,,Akatsuki Port Park,Tokyo,JP-TK,Provincial Park,0,暁ふ頭公園,35.60821286,139.7914331
JA-1690,,Kagamino,Kochi,JP-KC,Provincial Park,0,鏡野公園,33.618894,133.718751
JA-1691,,Kagamikawa Ryokuchi,Kochi,JP-KC,Provincial Park,0,鏡川緑地,33.554354,133.517793
JA-1267,,Sayama,Tokyo,JP-TK,Provincial Park,0,狭山公園,35.761753,139.441726
JA-1181,,Sayama Inariyama,Saitama,JP-ST,Provincial Park,0,狭山稲荷山公園,35.847457,139.397358
JA-1268,,Sayama Sakai Ryokudo,Tokyo,JP-TK,Provincial Park,0,狭山・境緑道,35.755477,139.443671
JA-1316,,Sakaigawa Yusuichi,Kanagawa,JP-KN,Provincial Park,0,境川遊水地公園,35.390677,139.482017
JA-1211,,Kyu Shiba Rikyu Garden,Tokyo,JP-TK,Provincial Park,0,旧芝離宮恩賜庭園,35.654731,139.758476
JA-1212,,Kyu-Furukawa Gardens,Tokyo,JP-TK,Provincial Park,0,旧古河庭園,35.742221,139.745889
JA-1210,,Kyu-Iwasaki-tei Gardens,Tokyo,JP-TK,Provincial Park,0,旧岩崎邸庭園,35.709453,139.767813
JA-1078,,Yumiharidaira,Yamagata,JP-YT,Provincial Park,0,弓張平公園,38.476139,140.003306
JA-1053,,Miyagi Nohara,Miyagi,JP-MG,Provincial Park,0,宮城野原公園,38.256413,140.902361
JA-1058,,Miyagi Sports,Miyagi,JP-MG,Provincial Park,0,宮城県総合運動公園,38.335361,140.952556
JA-1756,,Sogo Bunka,Miyazaki,JP-MZ,Provincial Park,0,宮崎県総合文化公園,31.933984,131.418556
JA-1757,,Miyazaki Prefectural Compreh,Miyazaki,JP-MZ,Provincial Park,0,宮崎県総合運動公園,31.82735,131.444794
JA-1521,,Kyuhoji Ryokuchi,Osaka,JP-OS,Provincial Park,0,久宝寺緑地,34.630593,135.578264
JA-1874,,Hisanohama Bosai Ryokuchi,Fukushima,JP-FS,Provincial Park,0,久之浜防災緑地,37.142184,141.000042
JA-1171,,Kukisyobu,Saitama,JP-ST,Provincial Park,0,久喜菖蒲公園,36.054323,139.64608
JA-1229,,Kinuta,Tokyo,JP-TK,Provincial Park,0,砧公園,35.630273,139.619991
JA-1714,,Yoshinogari Historical,Saga,JP-SG,Provincial Park,0,吉野ヶ里歴史公園,33.324151,130.384415
JA-1172,,Yoshikawa,Saitama,JP-ST,Provincial Park,0,吉川公園,35.911034,139.872706
JA-1564,,Yoshikien,Nara,JP-NR,Provincial Park,0,吉城園,34.685274,135.837447
JA-1163,,Yoshimi Athletic,Saitama,JP-ST,Provincial Park,0,吉見総合運動公園,36.057493,139.47179
JA-1634,,Kameyama,Yamaguchi,JP-YC,Provincial Park,0,亀山公園,34.18077,131.473846
JA-1478,,Kameyama Sunshine,Mie,JP-ME,Provincial Park,0,亀山サンシャインパーク,34.867488,136.412023
JA-1228,,Kameido Chuo,Tokyo,JP-TK,Provincial Park,0,亀戸中央公園,35.700492,139.835896
JA-1138,,Kinu Green,Tochigi,JP-TC,Provincial Park,0,鬼怒グリーンパーク,36.630245,139.957081
JA-1578,,Kimiidera,Wakayama,JP-WK,Provincial Park,0,紀三井寺公園,34.16649,135.190537
JA-1434,,Gifuken Hyakunen,Gifu,JP-GF,Provincial Park,0,岐阜県百年公園,35.479219,136.870445
JA-1436,,Gifu Memorial Center,Gifu,JP-GF,Provincial Park,0,岐阜メモリアルセンター,35.442842,136.762822
JA-1056,,Iwanuma Kaihin Ryokuchi,Miyagi,JP-MG,Provincial Park,0,岩沼海浜緑地,38.118671,140.931657
JA-1880,,Bosai Ryokuchi,Fukushima,JP-FS,Provincial Park,0,岩間防災緑地,36.912551,140.818336
JA-1505,,Keihanna Commemorative,Kyoto,JP-KY,Provincial Park,0,関西文化学術研究都市記念公園,34.746836,135.774934
JA-1324,,Kannonyama Family,Gumma,JP-GM,Provincial Park,0,観音山ファミリーパーク,36.290268,138.992657
JA-1312,,Kannonzaki,Kanagawa,JP-KN,Provincial Park,0,観音崎公園,35.256043,139.739283
JA-1771,,Kamoike Ryokuchi,Kagoshima,JP-KS,Provincial Park,0,鴨池緑地公園,31.54888,130.55913
JA-1770,,Kamoike,Kagoshima,JP-KS,Provincial Park,0,鴨池公園,31.565697,130.559392
JA-1497,,Kamogawa,Kyoto,JP-KY,Provincial Park,0,鴨川公園,35.040603,135.76433
JA-1227,,Kasai Rinkai,Tokyo,JP-TK,Provincial Park,0,葛西臨海公園,35.64068,139.860002
JA-1805,,Kasai Marine Park,Tokyo,JP-TK,Provincial Park,0,葛西海浜公園,35.63865767,139.8547568
JA-1125,,Kasamatsu Sports,Ibaraki,JP-IB,Provincial Park,0,笠松運動公園,36.454961,140.539389
JA-1118,,Kasama Geijutsu no mori,Ibaraki,JP-IB,Provincial Park,0,笠間芸術の森公園,36.371536,140.265908
JA-1437,,Kakamigahara,Gifu,JP-GF,Provincial Park,0,各務原公園,35.42472,136.933664
JA-1787,,Kaigungo,Okinawa,JP-ON,Provincial Park,0,海軍壕公園,26.185682,127.674645
JA-1105,,Aizu Recreation,Fukushima,JP-FS,Provincial Park,0,会津レクリエーション公園,37.514993,140.018036
JA-1042,,Hanamaki Koiki,Iwate,JP-IW,Provincial Park,0,花巻広域公園,39.4335,141.05583
JA-1435,,Flower Festival Commemorati,Gifu,JP-GF,Provincial Park,0,花フェスタ記念公園,35.419883,137.09627
JA-1838,,Hananosato Greenway Park,Saitama,JP-ST,Provincial Park,0,花の里緑道,36.09403,139.49093
JA-1579,,Kasei,Wakayama,JP-WK,Provincial Park,0,河西緩衝緑地,34.247354,135.125103
JA-1057,,Kasenuma,Miyagi,JP-MG,Provincial Park,0,加瀬沼公園,38.312428,140.986025
JA-1167,,Kazo Hanasaki,Saitama,JP-ST,Provincial Park,0,加須はなさき水上公園,36.101173,139.632707
JA-1296,,Onshi Hakone,Kanagawa,JP-KN,Provincial Park,0,恩賜箱根公園,35.195601,139.025903
JA-1782,,Okinawa Comprehensive Athl,Okinawa,JP-ON,Provincial Park,0,沖縄県総合運動公園（沖縄市・北中城村）,26.309543,127.82292
JA-1781,,Onoyama,Okinawa,JP-ON,Provincial Park,0,沖縄県営奥武山公園（那覇市）,26.203674,127.674527
JA-1610,,Okayama Prefectural Multipur,Okayama,JP-OY,Provincial Park,0,岡山県総合グラウンド,34.678737,133.916893
JA-1254,,Yokoamicho,Tokyo,JP-TK,Provincial Park,0,横網町公園,35.699178,139.795945
JA-1367,,Okutadami Recreation,Niigata,JP-NI,Provincial Park,0,奥只見レクリエーション都市公園,37.257962,138.924438
JA-1828,,Lake Okutama Hotori Park,Tokyo,JP-TK,Provincial Park,0,奥多摩湖畔公園,35.76628389,139.0223888
JA-1412,,Okuetsu Fureai,Fukui,JP-FI,Provincial Park,0,奥越ふれあい公園,35.96526,136.496576
JA-1394,,Okuutatsuyama Kenmin,Ishikawa,JP-IS,Provincial Park,0,奥卯辰山健民公園,36.560227,136.696921
JA-1488,,Okubiwa Sports no Mori,Shiga,JP-SH,Provincial Park,0,奥びわスポーツの森,35.411849,136.209566
JA-1447,,Enshunada Kaihin,Shizuoka,JP-SZ,Provincial Park,0,遠州灘海浜公園,34.663289,137.732982
JA-1232,,Sarue,Tokyo,JP-TK,Provincial Park,0,猿江恩賜公園,35.690143,139.8183
JA-1586,,Encho-en,Tottori,JP-TT,Provincial Park,0,燕趙園,35.465817,133.893264
JA-1409,,Echizen Togei,Fukui,JP-FI,Provincial Park,0,越前陶芸公園,35.935035,136.059861
JA-1861,,British Embassy Villa Memori,Tochigi,JP-TC,Provincial Park,0,英国大使館別荘記念公園,36.72662,139.48591
JA-1879,,Nagasaki Bosai Ryokuchi,Fukushima,JP-FS,Provincial Park,0,永崎防災緑地,36.953916,140.938411
JA-1785,,Urasoe Dai,Okinawa,JP-ON,Provincial Park,0,浦添大公園,26.249989,127.729273
JA-1340,,Karasugawa Keikoku Ryokuch,Nagano,JP-NN,Provincial Park,0,烏川渓谷緑地,36.313459,137.831034
JA-1500,,Uji,Kyoto,JP-KY,Provincial Park,0,宇治公園,34.889121,135.809491
JA-1222,,Ukita,Tokyo,JP-TK,Provincial Park,0,宇喜田公園,35.674349,139.860506
JA-1197,,Inbanuma,Chiba,JP-CH,Provincial Park,0,印旛沼公園,35.75261,140.184063
JA-1549,,Hitokura,Hyogo,JP-HG,Provincial Park,0,一庫公園,34.914526,135.419017
JA-1137,,Igashira,Tochigi,JP-TC,Provincial Park,0,井頭公園,36.49445,139.997194
JA-1260,,Inokashira,Tokyo,JP-TK,Provincial Park,0,井の頭恩賜公園,35.699995,139.575863
JA-1630,,Ishin Hyakunen,Yamaguchi,JP-YC,Provincial Park,0,維新百年記念公園,34.156152,131.437416
JA-1845,,Ikaho Forest Park,Gumma,JP-GM,Provincial Park,0,伊香保森林公園,36.48217,138.91201
JA-1402,,Kuratsuki Central,Ishikawa,JP-IS,Provincial Park,0,鞍月セントラルパーク,36.592157,136.624635
JA-1685,,Aki Koiki,Kochi,JP-KC,Provincial Park,0,安芸広域公園,33.522795,133.913113
JA-1395,,Awazu,Ishikawa,JP-IS,Provincial Park,0,粟津公園,36.354886,136.420107
JA-1100,,Ouse,Fukushima,JP-FS,Provincial Park,0,逢瀬公園,37.41275,140.274013
JA-1662,,Ehime Prefectural Sports Com,Ehime,JP-EH,Provincial Park,0,愛媛県総合運動公園,33.767412,132.796821
JA-1444,,Ashitaka Koiki,Shizuoka,JP-SZ,Provincial Park,0,愛鷹広域公園,35.156658,138.85249
JA-1469,,Expo 2005 Aichi Commemorati,Aichi,JP-AI,Provincial Park,0,愛・地球博記念公園,35.172778,137.089722
JA-1759,,Awakigahara Forest,Miyazaki,JP-MZ,Provincial Park,0,阿波岐原森林公園,31.944474,131.467406
JA-1515,,Rinku,Osaka,JP-OS,Provincial Park,0,りんくう公園,34.412064,135.29489
JA-1819,,Minato-ga-oka Port Park,Tokyo,JP-TK,Provincial Park,0,みなとが丘ふ頭公園,35.59632822,139.763015
JA-1857,,Midorinomura Agricultual and,Saitama,JP-ST,Provincial Park,0,みどりの村,36.03662,138.98203
JA-1173,,Misato,Saitama,JP-ST,Provincial Park,0,みさと公園,35.784565,139.873129
JA-1141,,Mikamoyama,Tochigi,JP-TC,Provincial Park,0,みかも山公園,36.305287,139.627019
JA-1850,,Mikabo Forest Park,Gumma,JP-GM,Provincial Park,0,みかぼ森林公園,36.15102,138.86323
JA-1560,,Mahoroba Kenko,Nara,JP-NR,Provincial Park,0,まほろば健康パーク（浄化センター公園）,34.597524,135.782841
JA-1168,,Matsubushi Midorinooka,Saitama,JP-ST,Provincial Park,0,まつぶし緑の丘公園,35.945842,139.809729
JA-1553,,Flower Center,Hyogo,JP-HG,Provincial Park,0,フラワーセンター,34.908278,134.86077
JA-1870,,Forest Park Adatara,Fukushima,JP-FS,Provincial Park,0,ふくしま県民の森フォレストパークあだたら,37.581455,140.328946
JA-1487,,Biwako Bunka,Shiga,JP-SH,Provincial Park,0,びわこ文化公園,34.969764,135.939616
JA-1491,,Biwako Chikyu Shimin no Mori,Shiga,JP-SH,Provincial Park,0,びわこ地球市民の森,35.104622,135.962951
JA-1104,,Hirono Bosai Ryokuchi,Fukushima,JP-FS,Provincial Park,0,ひろの防災緑地,37.20872,141.003622
JA-1789,,Banna,Okinawa,JP-ON,Provincial Park,0,バンナ公園,24.374669,124.160055
JA-1294,,Hayama Sangaokayama,Kanagawa,JP-KN,Provincial Park,0,はやま三ヶ岡山緑地,35.268238,139.57814
JA-1413,,Trim Park Kanazu,Fukui,JP-FI,Provincial Park,0,トリムパークかなづ,36.217505,136.250027
JA-1144,,Tochigi Wanpaku,Tochigi,JP-TC,Provincial Park,0,とちぎわんぱく公園,36.458665,139.807834
JA-1588,,Dandan Hiroba,Tottori,JP-TT,Provincial Park,0,だんだん広場,35.423973,133.336638
JA-1517,,Sennan Satoumi,Osaka,JP-OS,Provincial Park,0,せんなん里海公園,34.337301,135.193057
JA-1623,,Sera Kenmin,Hiroshima,JP-HS,Provincial Park,0,せら県民公園,34.624498,132.981108
JA-1793,,Symbol Promenade Park,Tokyo,JP-TK,Provincial Park,0,シンボルプロムナード公園,35.6235313,139.7748085
JA-1159,,Shirakobato Suijo,Saitama,JP-ST,Provincial Park,0,しらこばと水上公園,35.913356,139.749492
JA-1848,,Sakuranosato Forest Park,Gumma,JP-GM,Provincial Park,0,さくらの里,36.28272,138.74376
JA-1837,,Sakitama Greenway Park,Saitama,JP-ST,Provincial Park,0,さきたま緑道,36.08924,139.47992
JA-1178,,Sakitama Kofun,Saitama,JP-ST,Provincial Park,0,さきたま古墳公園,36.127681,139.475446
JA-1161,,Saitama Suijo,Saitama,JP-ST,Provincial Park,0,さいたま水上公園,35.96874,139.607367
JA-1816,,Container Terminal Park,Tokyo,JP-TK,Provincial Park,0,コンテナふ頭公園,35.60527778,139.7603205
JA-1175,,Kodomo Dobutsu,Saitama,JP-ST,Provincial Park,0,こども動物自然公園,35.996967,139.374051
JA-1587,,Fuse Sports,Tottori,JP-TT,Provincial Park,0,コカ・コーラウエストスポーツパーク（布勢総合運動公園）,35.499133,134.181881
JA-1548,,Hyogo Park of the Oriental Wh,Hyogo,JP-HG,Provincial Park,0,コウノトリの郷公園,35.551237,134.854371
JA-1853,,Gunma Flower Park,Gumma,JP-GM,Provincial Park,0,ぐんまフラワーパーク,36.45569,139.17656
JA-1439,,Gifu Seiryu Satoyama,Gifu,JP-GF,Provincial Park,0,ぎふ清流里山公園,35.474625,137.033927
JA-1792,,Odaiba Marine Park,Tokyo,JP-TK,Provincial Park,0,お台場海浜公園,35.62986564,139.7753479
JA-1293,,Odawara Suwanohara,Kanagawa,JP-KN,Provincial Park,0,おだわら諏訪の原公園,35.282546,139.133847
JA-1438,,Oasis Park,Gifu,JP-GF,Provincial Park,0,オアシスパーク,35.371067,136.809045
JA-1565,,Uda Animal,Nara,JP-NR,Provincial Park,0,うだ・アニマルパーク,34.489102,135.932414
JA-1103,,Iwaki,Fukushima,JP-FS,Provincial Park,0,いわき公園,37.010817,140.919973
JA-1860,,Italian Embassy Villa Memoria,Tochigi,JP-TC,Provincial Park,0,イタリア大使館別荘記念公園,36.72504,139.48553
JA-1790,,Isehara Tounoyama,Kanagawa,JP-KN,Provincial Park,0,いせはら塔の山緑地公園,35.396498,139.2761216
JA-1401,,Ishikawa Yonko Kinen,Ishikawa,JP-IS,Provincial Park,0,いしかわ四高記念公園,36.562942,136.65541
JA-1099,,Azuma Sports,Fukushima,JP-FS,Provincial Park,0,あづま総合運動公園,37.720111,140.359914
JA-1466,,Aichi Health Village,Aichi,JP-AI,Provincial Park,0,あいち健康の森公園,34.998708,136.947731
JA-1847,,Akagi Community Forest Park,Gumma,JP-GM,Provincial Park,0,ＳＵＢＡＲＵふれあいの森　赤城（赤城ふれあいの森）,36.52277,139.14524
JA-1851,,21st Century Prefectural Fores,Gumma,JP-GM,Provincial Park,0,２１世紀の森,36.73901,139.08406
